apple,eggs,yoghurt,pulse
cumin,soup,mango,rice
lemonade,sugar,sugar,nuts
toffee,nuts,buttermilk,yoghurt
bread,bun,chocolates,jam
pulse,biscuits,nuts,bun
pulse,chocolates,fizzy,drink
turmeric,coffee,tomato,butter
bread,biscuits,salt,gems
cumin,bread,turmeric,lemonade
eggs,tang,lolly,chocolates
sausages,soup,pear,tomato
jam,biscuits,lemonade,lolly
fizzy,drink,coriander,pulse
almonds,cardamom,jam,coffee
salt,candy,maggi,lemonade
butter,biscuits,fizzy,drink
orange,butter,flour,bun
soda,maggi,candy,cardamom
biscuits,butter,chips,mango
fizzy,drink,apple,orange
milk,almonds,cardamom,pepper
butter,candy,sausages,coriander
cheese,toffee,soda,butter
rice,milk,jam,buttermilk
coriander,oil,soup,nuts
oil,coffee,biscuits,cardamom
banana,apple,potato,cereal
pepper,tomato,cheese,fizzy
candy,ketchup,maggi,butter
sugar,cumin,cheese,yoghurt
pepper,cheese,eggs,lolly
soup,tea,toffee,pear
pulse,bun,banana,rice
apple,coffee,coffee,butter
pulse,jam,biscuits,salt
soda,eggs,pepper,tomato
yoghurt,buttermilk,cheese,tea
mango,maggi,milk,toffee
bun,sausages,cardamom,cheese
cumin,apple,butter,cashews
cereal,biscuits,milk,soda
eggs,fizzy,drink,gems
almonds,turmeric,coffee,nuts
jam,pulse,pear,cashews
sausages,turmeric,chips,turmeric
cereal,flour,ketchup,apple
sugar,orange,potato,turmeric
tea,fizzy,drink,banana
eggs,butter,bread,cardamom
lolly,toffee,gems,eggs
potato,banana,tomato,cardamom
pulse,soup,fizzy,drink
potato,cashews,bread,milk
orange,candy,onion,cashews
mango,pulse,chips,milk
cheese,yoghurt,jam,rice
apple,grapes,sugar,toffee
sugar,lolly,biscuits,yoghurt
pear,salt,lemonade,milk
gems,lolly,butter,turmeric
bun,bun,bread,coriander
potato,biscuits,bun,toffee
pear,orange,bread,cheese
coffee,tang,sugar,toffee
jam,oil,turmeric,sugar
gems,butter,chocolates,cheese
grapes,soda,pepper,onion
apple,soup,banana,chips
coriander,cumin,sausages,yoghurt
coriander,gems,pear,biscuits
toffee,bun,oil,milk
grapes,fizzy,drink,buttermilk
turmeric,grapes,banana,yoghurt
grapes,nuts,pepper,biscuits
gems,apple,pear,cumin
nuts,lolly,apple,rice
sausages,coriander,maggi,banana
fizzy,drink,turmeric,cheese
onion,sugar,bun,fizzy
chips,pear,toffee,biscuits
soda,maggi,butter,soda
bun,tea,mango,cumin
jam,milk,fizzy,drink
cereal,cheese,orange,mango
cheese,potato,chips,toffee
coffee,toffee,almonds,potato
turmeric,almonds,potato,sugar
chocolates,tang,chocolates,chips
rice,gems,gems,pear
cashews,chips,cashews,nuts
soup,cumin,biscuits,yoghurt
banana,onion,fizzy,drink
salt,potato,eggs,oil
ketchup,tang,gems,buttermilk
soda,maggi,flour,cardamom
mango,cereal,mango,nuts
lemonade,chips,mango,coffee
candy,soup,salt,yoghurt
pulse,sausages,cereal,tomato
cheese,soup,potato,eggs
cereal,coffee,buttermilk,rice
oil,almonds,milk,cardamom
gems,turmeric,soda,tea
chips,orange,sugar,buttermilk
cardamom,soup,cashews,chocolates
apple,candy,banana,cashews
cereal,lemonade,lolly,sausages
onion,apple,cashews,fizzy
candy,soup,turmeric,soup
tea,turmeric,cashews,soup
buttermilk,cumin,oil,fizzy
biscuits,butter,cashews,rice
pulse,salt,almonds,onion
apple,coffee,ketchup,lemonade
jam,soda,grapes,bun
biscuits,nuts,soda,apple
banana,cardamom,cereal,soda
cashews,chocolates,bun,tea
potato,jam,maggi,oil
potato,gems,sausages,toffee
onion,sugar,oil,soup
onion,flour,lolly,soda
apple,cheese,cardamom,turmeric
oil,mango,tea,milk
soda,soup,tang,lolly
fizzy,drink,biscuits,soup
tea,potato,grapes,onion
turmeric,turmeric,soup,sugar
coffee,bread,biscuits,pulse
pepper,ketchup,oil,fizzy
tang,tomato,tang,cheese
sugar,tea,yoghurt,tomato
eggs,soup,almonds,soup
flour,tang,yoghurt,coffee
butter,turmeric,almonds,cumin
cashews,bread,cardamom,onion
pear,cardamom,lolly,sugar
butter,yoghurt,flour,turmeric
toffee,turmeric,tea,cumin
cardamom,salt,biscuits,rice
lemonade,sausages,orange,cumin
pulse,soup,buttermilk,biscuits
oil,cumin,coffee,ketchup
sugar,cardamom,lemonade,bun
pear,nuts,pear,bread
coffee,almonds,fizzy,drink
rice,candy,pepper,chocolates
sugar,pear,coriander,toffee
pepper,chips,cereal,coriander
soda,sugar,onion,jam
sausages,chips,sugar,maggi
cereal,lolly,gems,lemonade
sausages,biscuits,chocolates,turmeric
butter,potato,potato,lemonade
turmeric,salt,fizzy,drink
coriander,ketchup,coffee,onion
soda,cumin,lolly,cumin
ketchup,candy,soda,tang
eggs,lolly,cardamom,coffee
potato,banana,apple,pepper
cardamom,nuts,orange,yoghurt
salt,pulse,salt,candy
chips,toffee,salt,cumin
nuts,banana,fizzy,drink
fizzy,drink,butter,almonds
tang,flour,flour,cashews
pepper,candy,gems,milk
jam,grapes,cumin,pepper
chips,jam,soup,milk
oil,jam,turmeric,yoghurt
grapes,bread,oil,jam
yoghurt,almonds,toffee,yoghurt
cumin,grapes,eggs,buttermilk
cheese,cumin,cardamom,bread
cardamom,oil,eggs,orange
mango,fizzy,drink,sausages
coriander,bread,almonds,turmeric
flour,banana,chips,cashews
maggi,bun,sausages,lolly
flour,turmeric,jam,grapes
yoghurt,eggs,chips,tea
cereal,soup,lolly,cereal
tang,fizzy,drink,apple
pear,biscuits,sausages,flour
biscuits,grapes,cereal,orange
cashews,yoghurt,bun,lolly
salt,orange,soup,toffee
bread,nuts,bread,pear
chocolates,sausages,soda,sugar
salt,buttermilk,cashews,cashews
cumin,mango,cashews,eggs
pulse,gems,chocolates,gems
chocolates,cashews,butter,potato
lolly,mango,biscuits,ketchup
cheese,chips,tea,milk
buttermilk,cheese,oil,tang
soda,chocolates,cardamom,toffee
tomato,bread,turmeric,pear
butter,cereal,biscuits,ketchup
onion,onion,yoghurt,cumin
coriander,candy,onion,flour
bun,biscuits,candy,butter
eggs,butter,fizzy,drink
turmeric,almonds,mango,toffee
milk,jam,ketchup,oil
maggi,apple,cheese,banana
turmeric,toffee,cardamom,cheese
bun,rice,butter,chips
turmeric,milk,yoghurt,tea
ketchup,onion,rice,tang
almonds,orange,rice,chocolates
ketchup,coffee,sugar,candy
jam,cereal,cumin,potato
rice,cumin,butter,toffee
coriander,turmeric,cumin,cheese
pepper,maggi,chocolates,tomato
almonds,mango,bread,bun
orange,eggs,orange,fizzy
potato,grapes,cheese,toffee
soda,pulse,toffee,bun
pulse,lolly,turmeric,banana
yoghurt,sausages,maggi,lemonade
salt,cashews,sausages,tang
yoghurt,flour,chips,salt
lolly,grapes,toffee,sausages
oil,cashews,apple,cashews
chips,sausages,candy,tomato
potato,soup,biscuits,bun
chips,pepper,milk,toffee
flour,tomato,sugar,turmeric
lolly,coriander,candy,cheese
butter,ketchup,eggs,tang
cereal,yoghurt,sugar,biscuits
ketchup,milk,chips,tang
candy,cashews,sausages,oil
chips,apple,mango,pepper
mango,sugar,pepper,potato
rice,grapes,lemonade,coffee
bun,tomato,pear,nuts
onion,onion,orange,tomato
orange,cumin,chips,maggi
lemonade,eggs,ketchup,grapes
cashews,flour,banana,cumin
gems,onion,pulse,jam
banana,lolly,buttermilk,bread
yoghurt,toffee,lemonade,bread
salt,sausages,candy,tang
orange,orange,tomato,maggi
cardamom,soda,onion,biscuits
milk,sausages,fizzy,drink
eggs,nuts,fizzy,drink
mango,cardamom,chocolates,tea
chips,toffee,cashews,orange
cashews,candy,turmeric,pulse
sausages,almonds,fizzy,drink
cardamom,pepper,pear,eggs
milk,buttermilk,milk,milk
tea,rice,maggi,fizzy
apple,milk,soda,soup
orange,tomato,potato,bread
bread,soda,eggs,almonds
lolly,nuts,grapes,pear
salt,lemonade,toffee,nuts
fizzy,drink,salt,onion
apple,jam,bun,potato
almonds,eggs,cheese,jam
chocolates,gems,lolly,cheese
mango,pulse,almonds,pulse
milk,onion,sausages,turmeric
coriander,toffee,cereal,buttermilk
soup,coriander,coffee,soup
toffee,nuts,orange,biscuits
tea,cumin,chips,cashews
cheese,soda,soda,sausages
milk,eggs,pepper,potato
toffee,sausages,rice,cheese
yoghurt,milk,rice,salt
cereal,orange,pear,sausages
potato,turmeric,salt,biscuits
apple,yoghurt,flour,lolly
bread,lemonade,tea,coriander
yoghurt,sugar,milk,cardamom
bread,salt,banana,onion
chocolates,orange,milk,nuts
bread,sugar,maggi,mango
tang,coriander,cheese,ketchup
oil,soup,tea,lolly
grapes,coriander,coffee,bun
cheese,rice,mango,bread
milk,onion,cereal,apple
pear,buttermilk,bread,oil
banana,cereal,grapes,mango
cheese,apple,pear,cashews
biscuits,bun,grapes,butter
jam,pepper,coriander,butter
orange,onion,ketchup,sugar
rice,lemonade,yoghurt,cardamom
buttermilk,maggi,cashews,onion
bun,bun,potato,onion
soda,cheese,flour,chips
maggi,cashews,lemonade,sausages
lolly,tea,cashews,coffee
apple,cumin,turmeric,candy
candy,tang,oil,orange
butter,buttermilk,chips,flour
buttermilk,flour,banana,apple
ketchup,turmeric,cumin,onion
maggi,biscuits,butter,cashews
butter,yoghurt,candy,apple
coffee,turmeric,chocolates,tomato
orange,grapes,buttermilk,cumin
chips,tea,buttermilk,ketchup
jam,maggi,chips,grapes
cardamom,fizzy,drink,potato
buttermilk,tang,chocolates,almonds
cereal,orange,toffee,almonds
pulse,pear,eggs,pulse
bun,tea,soda,chips
pulse,flour,eggs,lemonade
cheese,tomato,toffee,lolly
sausages,sausages,tang,toffee
rice,potato,soup,sugar
bun,cashews,bun,mango
jam,pulse,rice,cardamom
coriander,lemonade,sugar,lolly
oil,orange,cereal,nuts
coriander,jam,almonds,candy
cheese,candy,biscuits,chips
gems,coriander,cardamom,flour
soda,nuts,lolly,biscuits
banana,almonds,pulse,lolly
tea,biscuits,coriander,soup
sausages,potato,sausages,yoghurt
cardamom,potato,rice,bun
potato,eggs,onion,bread
buttermilk,candy,gems,sausages
salt,biscuits,cereal,almonds
tomato,mango,apple,soup
cashews,buttermilk,sugar,buttermilk
milk,maggi,yoghurt,tang
cheese,butter,biscuits,orange
tang,biscuits,banana,pulse
pepper,cashews,bun,ketchup
cashews,potato,tang,bread
cardamom,sausages,sugar,chocolates
sugar,potato,nuts,sausages
buttermilk,pulse,cardamom,chocolates
pulse,tomato,almonds,yoghurt
buttermilk,rice,flour,oil
cumin,orange,orange,lolly
bread,lolly,onion,tea
sugar,butter,banana,apple
yoghurt,cheese,onion,salt
soda,salt,cumin,onion
flour,rice,lemonade,cumin
eggs,salt,cheese,grapes
maggi,bread,nuts,bun
maggi,cumin,coffee,butter
cumin,soup,eggs,potato
pulse,tea,bread,bread
nuts,oil,bread,almonds
tang,onion,grapes,buttermilk
ketchup,lolly,pepper,almonds
milk,rice,yoghurt,pulse
cashews,oil,rice,apple
gems,eggs,jam,yoghurt
potato,coffee,eggs,jam
onion,milk,bun,grapes
cereal,mango,rice,nuts
toffee,butter,jam,mango
orange,lolly,milk,grapes
bun,potato,turmeric,sugar
oil,gems,grapes,ketchup
pear,potato,grapes,lemonade
sugar,oil,bun,grapes
cardamom,buttermilk,pepper,potato
rice,chocolates,mango,turmeric
pulse,mango,pulse,orange
cashews,chips,orange,flour
sausages,cashews,cheese,soda
bun,milk,turmeric,turmeric
grapes,tang,cheese,bun
sugar,maggi,soup,almonds
eggs,nuts,fizzy,drink
maggi,gems,soup,lolly
cardamom,onion,cheese,toffee
bun,candy,butter,salt
chips,soda,soda,mango
cashews,cereal,nuts,grapes
soup,cashews,soda,turmeric
cashews,turmeric,tea,jam
coriander,potato,bun,flour
gems,yoghurt,onion,banana
biscuits,tang,cumin,almonds
banana,maggi,jam,lolly
cashews,cereal,lemonade,ketchup
jam,yoghurt,tea,cumin
chips,soda,jam,tea
milk,turmeric,grapes,onion
cumin,nuts,yoghurt,tea
nuts,nuts,jam,salt
maggi,cashews,tea,buttermilk
milk,banana,nuts,maggi
bread,lemonade,candy,bun
lolly,eggs,nuts,apple
coffee,banana,yoghurt,buttermilk
rice,grapes,jam,chocolates
almonds,tea,grapes,pepper
ketchup,sugar,pepper,jam
fizzy,drink,cashews,bread
milk,soda,coriander,onion
coffee,turmeric,grapes,milk
orange,orange,milk,bun
oil,pulse,cheese,toffee
pepper,chocolates,tea,milk
ketchup,chocolates,potato,yoghurt
buttermilk,cumin,cumin,lemonade
grapes,buttermilk,chocolates,turmeric
apple,onion,oil,tea
sausages,coffee,toffee,turmeric
banana,oil,yoghurt,tomato
eggs,soda,toffee,candy
eggs,biscuits,milk,lolly
nuts,toffee,oil,gems
bun,sugar,sausages,candy
toffee,candy,maggi,flour
candy,lemonade,tea,orange
onion,oil,tang,flour
maggi,eggs,cheese,cardamom
eggs,pear,chips,bread
yoghurt,coriander,lolly,bun
apple,oil,fizzy,drink
biscuits,milk,pulse,pepper
toffee,tomato,almonds,pepper
apple,potato,onion,bread
biscuits,turmeric,gems,salt
pulse,soup,grapes,sausages
fizzy,drink,chips,sausages
tang,chips,banana,pulse
pear,yoghurt,tea,tang
rice,sugar,nuts,sausages
soda,sugar,jam,cereal
cheese,tang,tea,sausages
onion,almonds,grapes,buttermilk
coriander,soup,turmeric,tang
tang,jam,fizzy,drink
coffee,sausages,cumin,cardamom
coffee,potato,nuts,cheese
fizzy,drink,turmeric,apple
orange,tea,grapes,pulse
biscuits,oil,bun,gems
biscuits,sausages,salt,coffee
sugar,grapes,bread,chips
chocolates,yoghurt,soda,coffee
chips,jam,tomato,cheese
coriander,soup,lemonade,biscuits
apple,lemonade,soup,bun
onion,pepper,onion,cashews
soup,coffee,fizzy,drink
banana,gems,onion,bread
coriander,tang,cereal,cardamom
ketchup,toffee,soup,pepper
toffee,ketchup,banana,banana
potato,grapes,tea,bread
sausages,chocolates,cardamom,chips
salt,flour,buttermilk,yoghurt
eggs,flour,salt,ketchup
mango,cashews,cheese,pepper
mango,turmeric,sugar,apple
lolly,pear,apple,toffee
sausages,fizzy,drink,pulse
biscuits,pepper,bun,toffee
milk,almonds,apple,lemonade
apple,sausages,toffee,eggs
salt,cumin,lolly,mango
rice,banana,apple,coffee
chocolates,pear,cashews,soda
cereal,grapes,almonds,lolly
sugar,chocolates,gems,soup
tomato,tang,toffee,gems
chocolates,yoghurt,tomato,turmeric
jam,soup,pulse,milk
almonds,ketchup,soda,buttermilk
bread,cumin,grapes,lolly
cereal,banana,fizzy,drink
cardamom,cereal,cumin,biscuits
butter,pulse,sausages,maggi
cereal,milk,candy,ketchup
orange,sausages,grapes,maggi
gems,bun,pulse,cumin
jam,rice,lolly,banana
orange,lolly,fizzy,drink
gems,chips,flour,cheese
sausages,onion,soda,gems
almonds,coffee,coriander,mango
sugar,cardamom,turmeric,tang
cheese,milk,cheese,bun
coffee,bread,onion,cumin
orange,apple,grapes,grapes
cumin,coffee,rice,tea
flour,bun,soda,turmeric
toffee,yoghurt,tomato,flour
cardamom,tang,cashews,orange
mango,butter,cashews,cheese
apple,toffee,soup,sausages
maggi,orange,soda,fizzy
yoghurt,grapes,cereal,apple
toffee,oil,coriander,candy
nuts,chips,pulse,yoghurt
cashews,ketchup,gems,butter
lemonade,jam,bread,chips
butter,toffee,turmeric,eggs
chocolates,gems,maggi,cashews
yoghurt,pulse,banana,yoghurt
butter,chocolates,tomato,chocolates
almonds,grapes,soda,butter
salt,pepper,jam,gems
yoghurt,cashews,banana,salt
sugar,salt,jam,nuts
nuts,chips,tang,jam
coriander,ketchup,pepper,milk
biscuits,biscuits,pepper,turmeric
buttermilk,onion,maggi,sugar
chocolates,tea,bun,tea
cheese,tang,tomato,banana
rice,sugar,salt,orange
maggi,orange,candy,oil
soup,cashews,potato,nuts
flour,chocolates,toffee,lemonade
coffee,coriander,cardamom,chocolates
candy,potato,toffee,cashews
cheese,lolly,soup,chips
gems,cumin,jam,jam
cashews,yoghurt,butter,maggi
apple,coriander,sugar,coriander
nuts,ketchup,soda,almonds
nuts,fizzy,drink,sugar
cereal,soup,pepper,lemonade
jam,chocolates,soda,cumin
oil,nuts,soup,gems
banana,lolly,lemonade,tomato
lemonade,flour,eggs,maggi
soda,almonds,candy,butter
eggs,pulse,flour,yoghurt
biscuits,fizzy,drink,toffee
sugar,milk,sausages,pepper
pulse,butter,jam,banana
ketchup,lolly,buttermilk,flour
sugar,coriander,mango,soup
candy,toffee,soda,biscuits
nuts,mango,lemonade,cumin
cheese,cheese,turmeric,sausages
cashews,grapes,bread,coriander
sugar,almonds,soda,soup
cumin,tea,candy,gems
toffee,toffee,fizzy,drink
soup,orange,bun,pepper
potato,salt,bun,cumin
lolly,maggi,soup,cheese
candy,banana,cardamom,milk
lolly,turmeric,fizzy,drink
gems,eggs,cereal,apple
cheese,almonds,jam,cereal
maggi,soda,biscuits,toffee
pepper,sugar,jam,bun
jam,pulse,cashews,eggs
bread,chocolates,oil,pear
salt,jam,chocolates,candy
cumin,gems,ketchup,lolly
coffee,gems,rice,oil
yoghurt,cereal,soup,flour
cumin,chips,coffee,pulse
yoghurt,nuts,apple,cashews
coffee,buttermilk,grapes,mango
apple,cereal,biscuits,grapes
almonds,tomato,sausages,salt
jam,chocolates,cheese,flour
candy,salt,pear,banana
gems,eggs,orange,grapes
biscuits,toffee,fizzy,drink
flour,jam,apple,lolly
sausages,grapes,bun,lolly
nuts,chocolates,eggs,coffee
yoghurt,chocolates,cumin,chocolates
eggs,bread,sausages,bread
fizzy,drink,bun,lolly
almonds,bun,apple,candy
buttermilk,pulse,jam,chips
fizzy,drink,yoghurt,sugar
tang,rice,cashews,pulse
orange,pulse,salt,lemonade
orange,grapes,bread,potato
cheese,mango,tomato,maggi
jam,chips,flour,potato
rice,cashews,ketchup,banana
grapes,pear,cheese,candy
cereal,lolly,bun,apple
onion,biscuits,buttermilk,rice
cereal,cereal,bread,eggs
candy,flour,grapes,nuts
lemonade,almonds,bread,buttermilk
tomato,coffee,pear,tea
tang,eggs,ketchup,pear
cheese,flour,chocolates,maggi
fizzy,drink,bun,fizzy
onion,onion,almonds,nuts
nuts,apple,biscuits,butter
oil,cashews,salt,candy
bun,soup,pear,milk
chocolates,tang,bread,cashews
toffee,mango,sugar,soup
tea,soda,potato,eggs
rice,butter,cashews,biscuits
lolly,sausages,soup,pear
pear,pear,buttermilk,bun
apple,cereal,cashews,cereal
butter,bread,potato,pear
lolly,rice,candy,coffee
butter,salt,biscuits,turmeric
bread,tomato,chocolates,grapes
chips,orange,chocolates,apple
cashews,milk,orange,sugar
pear,eggs,buttermilk,onion
eggs,onion,soup,cereal
coriander,milk,cumin,lolly
chocolates,bun,butter,eggs
cereal,milk,coriander,fizzy
cheese,tang,candy,candy
lemonade,bun,cardamom,toffee
tea,jam,bun,tomato
turmeric,sugar,pulse,eggs
sugar,chips,turmeric,toffee
pulse,fizzy,drink,cheese
sausages,chips,butter,mango
pulse,sausages,cashews,gems
pulse,buttermilk,grapes,salt
bun,rice,chips,grapes
cheese,candy,soup,lolly
oil,apple,chocolates,apple
butter,pear,biscuits,grapes
butter,coriander,apple,banana
tang,banana,sausages,tang
fizzy,drink,cheese,pulse
cereal,cashews,tea,biscuits
tomato,turmeric,cashews,sausages
yoghurt,chips,pepper,candy
rice,banana,tang,toffee
sausages,rice,candy,jam
banana,cardamom,flour,apple
apple,bun,tea,maggi
chocolates,sugar,milk,eggs
bun,sausages,chips,chocolates
sugar,sausages,tea,coffee
lemonade,cereal,banana,soup
bread,ketchup,milk,oil
mango,pepper,salt,bread
soda,turmeric,tea,biscuits
chocolates,coffee,apple,pepper
cheese,fizzy,drink,chips
biscuits,salt,tang,biscuits
pear,milk,pepper,coriander
biscuits,eggs,pear,tomato
coriander,lemonade,tea,tea
pepper,oil,tea,grapes
cereal,chocolates,cardamom,gems
soda,coriander,tea,nuts
tang,mango,bun,cereal
coriander,bun,milk,bun
rice,milk,cheese,bun
lemonade,flour,buttermilk,lolly
tea,gems,cumin,grapes
cashews,nuts,eggs,eggs
maggi,orange,cashews,toffee
oil,sausages,bun,chocolates
cumin,eggs,apple,lemonade
almonds,jam,yoghurt,tea
buttermilk,candy,pulse,candy
potato,sausages,sausages,pepper
butter,tomato,sausages,soda
cardamom,potato,maggi,tang
sausages,tea,tomato,pulse
onion,gems,buttermilk,potato
potato,onion,tea,orange
turmeric,flour,butter,biscuits
turmeric,potato,ketchup,yoghurt
pulse,cashews,sausages,buttermilk
pepper,chips,rice,eggs
turmeric,jam,biscuits,sugar
pulse,milk,butter,sausages
buttermilk,grapes,cumin,buttermilk
onion,bread,fizzy,drink
almonds,ketchup,mango,tang
turmeric,coriander,pulse,chocolates
lemonade,cereal,yoghurt,salt
milk,chocolates,gems,pepper
yoghurt,tea,tea,gems
milk,ketchup,cashews,yoghurt
bread,bread,toffee,almonds
cereal,lolly,lolly,ketchup
turmeric,cheese,bread,cashews
ketchup,sausages,butter,maggi
cumin,fizzy,drink,grapes
orange,butter,tea,yoghurt
tea,maggi,oil,oil
tomato,gems,sugar,turmeric
gems,gems,sausages,tomato
maggi,sugar,almonds,onion
sugar,orange,eggs,oil
chocolates,toffee,eggs,banana
orange,toffee,toffee,potato
pepper,bun,lemonade,almonds
cashews,turmeric,bun,candy
pepper,tang,biscuits,butter
sausages,grapes,pepper,tea
bun,rice,soda,sugar
biscuits,cheese,bun,coffee
chips,nuts,tang,onion
mango,sugar,fizzy,drink
tomato,cardamom,cumin,jam
coriander,yoghurt,chips,cashews
jam,apple,pear,buttermilk
eggs,chips,toffee,gems
cashews,salt,mango,biscuits
coriander,bread,cashews,lemonade
butter,bun,almonds,buttermilk
banana,cumin,sugar,apple
potato,almonds,butter,fizzy
cheese,butter,turmeric,chips
sausages,orange,gems,soda
flour,orange,bread,mango
coriander,salt,pulse,soda
cardamom,coriander,buttermilk,grapes
bread,tea,milk,ketchup
mango,yoghurt,toffee,coriander
lemonade,coffee,buttermilk,grapes
onion,tomato,lemonade,pear
milk,sugar,mango,banana
soup,gems,maggi,butter
chips,sausages,sugar,chocolates
pulse,fizzy,drink,chips
pear,cashews,apple,jam
almonds,fizzy,drink,rice
bun,maggi,orange,sugar
rice,cereal,milk,pepper
tang,lolly,nuts,sausages
soda,butter,bun,coriander
sugar,mango,pepper,butter
jam,sausages,oil,almonds
eggs,candy,cashews,apple
cumin,lolly,biscuits,sugar
coffee,sugar,flour,cashews
pear,milk,jam,pepper
apple,grapes,gems,tang
flour,lolly,cumin,lemonade
turmeric,sugar,mango,pepper
bread,tang,lemonade,cereal
coffee,coriander,tang,biscuits
rice,biscuits,tang,rice
toffee,jam,chips,banana
cheese,toffee,salt,milk
orange,soda,pear,soup
pear,almonds,orange,sausages
candy,turmeric,rice,turmeric
orange,cheese,ketchup,onion
buttermilk,banana,soup,pear
cumin,lolly,fizzy,drink
nuts,biscuits,bread,bread
maggi,coffee,oil,lolly
pepper,pepper,milk,eggs
apple,flour,oil,pear
fizzy,drink,mango,oil
buttermilk,almonds,soda,sausages
biscuits,almonds,biscuits,pepper
bread,apple,biscuits,salt
banana,mango,cashews,soda
butter,cumin,tomato,cardamom
grapes,gems,grapes,potato
lolly,rice,milk,grapes
pear,mango,tang,cereal
rice,turmeric,bun,cheese
banana,salt,coffee,coriander
yoghurt,cashews,lemonade,biscuits
oil,apple,cardamom,tomato
oil,pepper,gems,candy
butter,apple,chips,cumin
eggs,pulse,turmeric,buttermilk
coriander,onion,chips,flour
coriander,bun,bread,chocolates
onion,coriander,yoghurt,butter
bun,cumin,pulse,salt
jam,buttermilk,cardamom,biscuits
soup,orange,pepper,eggs
gems,turmeric,candy,sugar
banana,chips,flour,grapes
jam,butter,oil,pepper
coffee,lolly,grapes,rice
tea,rice,pulse,orange
chocolates,biscuits,cereal,tea
sausages,pulse,toffee,tea
rice,tang,pulse,tang
cereal,oil,milk,cardamom
lolly,biscuits,tea,mango
turmeric,chocolates,lemonade,nuts
chocolates,turmeric,biscuits,candy
banana,nuts,grapes,cereal
onion,cardamom,biscuits,nuts
oil,coffee,biscuits,coffee
rice,pear,rice,oil
apple,banana,tomato,pulse
pear,gems,chocolates,banana
buttermilk,coriander,apple,coriander
cardamom,cardamom,eggs,sugar
nuts,toffee,turmeric,sausages
oil,buttermilk,jam,soda
cashews,candy,mango,chips
onion,apple,bread,coffee
chocolates,apple,biscuits,milk
bread,mango,candy,buttermilk
orange,flour,biscuits,tea
buttermilk,yoghurt,almonds,apple
lolly,pepper,cardamom,chocolates
yoghurt,cheese,onion,cashews
oil,buttermilk,chips,tomato
gems,apple,almonds,cereal
cumin,nuts,cardamom,coriander
grapes,fizzy,drink,lemonade
jam,almonds,grapes,lemonade
milk,flour,tea,salt
maggi,pulse,almonds,cheese
sugar,ketchup,pulse,orange
flour,chocolates,oil,pear
coffee,oil,cardamom,pepper
grapes,butter,butter,grapes
chips,toffee,biscuits,rice
yoghurt,tang,pulse,chocolates
potato,pulse,soda,cereal
milk,mango,cereal,tomato
almonds,sausages,cheese,butter
banana,eggs,orange,oil
potato,tea,fizzy,drink
eggs,almonds,tea,pepper
bun,tomato,flour,biscuits
onion,buttermilk,cashews,almonds
turmeric,butter,toffee,cashews
mango,nuts,oil,cheese
tomato,chips,tea,mango
salt,soup,ketchup,orange
toffee,cardamom,jam,cheese
grapes,grapes,pulse,biscuits
eggs,lemonade,milk,banana
potato,oil,cumin,lolly
buttermilk,jam,yoghurt,turmeric
gems,tang,soup,candy
lemonade,ketchup,soda,lemonade
milk,maggi,chocolates,maggi
banana,soup,chocolates,bun
onion,pepper,fizzy,drink
cardamom,candy,candy,chocolates
yoghurt,gems,oil,ketchup
tang,turmeric,pear,mango
soup,potato,oil,cereal
cashews,lolly,yoghurt,oil
ketchup,cheese,jam,almonds
yoghurt,turmeric,milk,butter
butter,sugar,tea,pepper
tea,tea,pear,salt
grapes,sausages,gems,maggi
grapes,turmeric,pepper,coffee
grapes,salt,lemonade,cashews
fizzy,drink,gems,cardamom
cashews,orange,pear,potato
gems,chocolates,cardamom,bread
ketchup,lemonade,biscuits,eggs
sausages,buttermilk,cereal,rice
sausages,orange,lemonade,onion
grapes,cashews,bun,butter
bun,maggi,yoghurt,chocolates
chips,pepper,toffee,butter
lemonade,gems,coriander,pepper
mango,bun,almonds,pulse
bun,biscuits,chocolates,coriander
grapes,apple,lolly,toffee
turmeric,eggs,yoghurt,fizzy
banana,lemonade,pepper,gems
buttermilk,potato,bread,salt
jam,yoghurt,buttermilk,butter
gems,yoghurt,potato,oil
tang,turmeric,coriander,eggs
yoghurt,tea,yoghurt,potato
milk,mango,rice,apple
lolly,gems,banana,chips
lolly,soup,grapes,soda
orange,butter,nuts,chocolates
yoghurt,cardamom,chips,bun
lemonade,toffee,buttermilk,rice
yoghurt,candy,lolly,flour
turmeric,banana,turmeric,bread
coffee,jam,cereal,orange
lolly,ketchup,buttermilk,sugar
cumin,biscuits,orange,bread
salt,cardamom,candy,chocolates
eggs,cereal,pepper,sugar
salt,onion,mango,nuts
fizzy,drink,soda,sausages
flour,chocolates,tea,gems
potato,soup,ketchup,rice
pear,chips,grapes,toffee
jam,salt,lemonade,soup
cereal,pear,tomato,yoghurt
flour,lolly,tea,gems
salt,butter,cheese,cheese
nuts,soda,bread,buttermilk
oil,eggs,oil,salt
cumin,cardamom,maggi,cereal
bread,maggi,nuts,nuts
mango,nuts,pulse,onion
sugar,apple,candy,lemonade
cashews,toffee,toffee,cashews
gems,lemonade,candy,chips
pepper,grapes,salt,soup
cashews,tea,apple,eggs
pear,cardamom,chocolates,lemonade
flour,gems,grapes,tomato
butter,apple,chips,grapes
sugar,butter,biscuits,banana
onion,chocolates,pulse,buttermilk
ketchup,pepper,biscuits,cardamom
chips,salt,cashews,maggi
coriander,lemonade,banana,oil
yoghurt,mango,flour,banana
cardamom,pulse,nuts,pepper
yoghurt,apple,potato,pepper
soup,soda,jam,potato
fizzy,drink,flour,fizzy
cumin,soup,cheese,cardamom
coffee,lemonade,soup,sausages
apple,potato,pepper,bun
potato,pepper,soda,maggi
fizzy,drink,yoghurt,cereal
pulse,orange,onion,pepper
orange,rice,eggs,fizzy
flour,candy,cardamom,ketchup
banana,ketchup,yoghurt,coriander
milk,chips,onion,soda
tomato,salt,grapes,salt
soup,onion,lemonade,salt
mango,milk,tang,gems
bun,soup,onion,ketchup
mango,coffee,nuts,maggi
pepper,eggs,maggi,pepper
sugar,tea,sugar,fizzy
grapes,soup,chips,salt
fizzy,drink,lemonade,butter
cheese,turmeric,orange,rice
tomato,chips,rice,ketchup
fizzy,drink,maggi,yoghurt
mango,bread,oil,salt
jam,tomato,biscuits,cereal
jam,turmeric,milk,flour
tomato,buttermilk,grapes,oil
rice,jam,cumin,banana
biscuits,banana,gems,banana
maggi,almonds,buttermilk,eggs
milk,chocolates,coffee,tea
potato,salt,pepper,sausages
cardamom,pulse,flour,cumin
milk,cheese,cardamom,toffee
fizzy,drink,fizzy,drink
eggs,sausages,nuts,oil
nuts,coriander,eggs,ketchup
grapes,potato,cardamom,ketchup
nuts,bun,coriander,gems
candy,tang,grapes,cumin
bread,tomato,lolly,soup
grapes,potato,gems,grapes
tomato,chocolates,rice,cheese
onion,lolly,lolly,coriander
buttermilk,ketchup,tomato,tang
soda,tang,rice,salt
coffee,ketchup,pepper,biscuits
chips,coffee,lemonade,cardamom
coffee,fizzy,drink,coriander
milk,bread,tomato,chips
cardamom,maggi,gems,potato
oil,sugar,tomato,buttermilk
tomato,chips,pulse,bun
cumin,cardamom,pulse,pear
butter,potato,mango,lemonade
banana,bread,toffee,tomato
chocolates,sugar,lolly,apple
flour,banana,candy,onion
tomato,sugar,sugar,soda
tang,gems,cheese,oil
bun,almonds,gems,lemonade
salt,apple,banana,potato
fizzy,drink,tomato,cashews
onion,cheese,lemonade,cereal
soup,potato,pepper,lolly
lemonade,maggi,tea,tomato
ketchup,rice,oil,pulse
cashews,lemonade,mango,grapes
bread,coriander,fizzy,drink
coffee,soda,nuts,buttermilk
lolly,banana,tang,chocolates
maggi,cereal,tomato,apple
butter,orange,butter,soup
toffee,flour,fizzy,drink
coriander,bun,banana,butter
orange,tomato,tea,pepper
milk,fizzy,drink,fizzy
pulse,apple,bun,bread
sausages,soup,biscuits,gems
fizzy,drink,cardamom,orange
ketchup,chocolates,candy,toffee
coffee,chocolates,cardamom,buttermilk
bread,grapes,pepper,mango
eggs,cheese,pepper,pepper
grapes,lolly,flour,sugar
biscuits,potato,onion,maggi
rice,candy,eggs,buttermilk
tea,coffee,banana,biscuits
pepper,oil,fizzy,drink
eggs,soup,grapes,turmeric
gems,chocolates,gems,ketchup
ketchup,grapes,gems,maggi
fizzy,drink,turmeric,biscuits
cumin,biscuits,tang,eggs
bun,grapes,coffee,eggs
pulse,turmeric,candy,tea
bun,tang,toffee,onion
tang,butter,rice,apple
rice,oil,banana,candy
jam,flour,cashews,pepper
cardamom,milk,mango,milk
sugar,biscuits,potato,mango
candy,bread,jam,bun
buttermilk,soda,flour,banana
bread,oil,cereal,candy
bun,gems,potato,tea
lemonade,buttermilk,nuts,turmeric
cardamom,tang,bread,toffee
rice,coffee,coriander,lolly
butter,yoghurt,chips,lemonade
pulse,rice,cereal,tang
tomato,bun,soda,tea
candy,yoghurt,candy,tang
gems,oil,milk,lolly
mango,banana,lolly,bun
grapes,maggi,buttermilk,salt
tomato,tomato,lemonade,onion
jam,sausages,coriander,cashews
soup,pulse,onion,turmeric
soda,tang,soup,potato
pear,butter,chips,grapes
potato,cheese,soup,salt
gems,lolly,toffee,toffee
pepper,fizzy,drink,orange
jam,turmeric,lemonade,almonds
toffee,flour,candy,cereal
oil,salt,orange,oil
rice,potato,coffee,turmeric
rice,toffee,turmeric,pepper
salt,pulse,fizzy,drink
gems,biscuits,sugar,pear
apple,fizzy,drink,biscuits
cardamom,pepper,biscuits,cardamom
coffee,gems,cheese,banana
tang,onion,coriander,chocolates
chips,cardamom,potato,lolly
coriander,soda,toffee,almonds
coriander,pear,yoghurt,rice
salt,lemonade,yoghurt,gems
pepper,flour,onion,lolly
sausages,cheese,almonds,cumin
bread,cereal,lemonade,candy
grapes,eggs,pear,banana
rice,candy,cheese,cheese
candy,mango,buttermilk,soup
apple,nuts,soda,bread
nuts,coffee,potato,bun
ketchup,salt,banana,cheese
sausages,mango,flour,cardamom
lolly,candy,eggs,potato
turmeric,biscuits,lolly,milk
rice,mango,banana,orange
maggi,sausages,turmeric,cumin
sugar,rice,coriander,orange
almonds,soda,eggs,cashews
lolly,potato,chocolates,cumin
banana,turmeric,cardamom,soup
sugar,milk,pepper,turmeric
turmeric,toffee,nuts,milk
grapes,eggs,bun,rice
yoghurt,grapes,milk,salt
soup,potato,soda,apple
maggi,almonds,grapes,coriander
oil,coffee,fizzy,drink
coffee,ketchup,oil,bread
pepper,cashews,chips,salt
potato,tang,eggs,ketchup
cashews,biscuits,coriander,almonds
sugar,butter,jam,pulse
buttermilk,eggs,biscuits,bread
butter,soup,cumin,tang
lolly,cashews,tomato,buttermilk
cereal,milk,cardamom,eggs
grapes,apple,milk,cashews
candy,turmeric,chips,fizzy
soda,gems,eggs,lemonade
bun,grapes,banana,orange
soda,bread,grapes,soda
milk,oil,potato,chocolates
chips,tea,almonds,lolly
tea,ketchup,pepper,cumin
candy,mango,tang,jam
rice,salt,lolly,grapes
banana,cumin,fizzy,drink
apple,gems,gems,soup
coriander,gems,cardamom,maggi
salt,butter,grapes,salt
cashews,nuts,yoghurt,toffee
cardamom,coriander,lemonade,tang
soup,orange,eggs,sugar
chocolates,coriander,potato,ketchup
pear,eggs,cumin,banana
bread,flour,soup,candy
tea,orange,orange,almonds
gems,coffee,almonds,soup
almonds,jam,maggi,milk
rice,sugar,eggs,grapes
tang,gems,lemonade,salt
cereal,cereal,salt,soda
maggi,tea,sausages,eggs
pepper,gems,lolly,turmeric
bread,tang,cardamom,cashews
bun,mango,jam,chips
salt,banana,cumin,flour
mango,sausages,mango,eggs
cardamom,yoghurt,cumin,onion
tang,turmeric,soda,almonds
lemonade,pear,jam,oil
pepper,apple,chocolates,grapes
flour,lemonade,orange,apple
potato,soup,orange,grapes
rice,bun,coffee,salt
cashews,gems,chocolates,cheese
lemonade,bread,rice,ketchup
soup,lolly,apple,gems
soup,nuts,mango,pear
soup,cardamom,nuts,apple
cereal,banana,oil,candy
lolly,soda,orange,eggs
cashews,toffee,gems,gems
lolly,toffee,soup,potato
tea,toffee,coffee,salt
salt,fizzy,drink,onion
turmeric,turmeric,turmeric,maggi
salt,bread,orange,rice
cumin,orange,lemonade,almonds
tang,lemonade,yoghurt,tomato
tomato,banana,coriander,salt
cumin,salt,lemonade,salt
toffee,soup,nuts,chocolates
potato,oil,pulse,bun
maggi,oil,soda,grapes
cashews,potato,buttermilk,turmeric
flour,sausages,almonds,maggi
potato,biscuits,potato,bun
pulse,cumin,onion,coffee
tea,toffee,chocolates,gems
lolly,jam,nuts,buttermilk
ketchup,milk,mango,gems
bread,potato,nuts,gems
flour,cheese,milk,nuts
buttermilk,buttermilk,candy,oil
cashews,chips,flour,rice
onion,bun,apple,tomato
jam,orange,banana,chocolates
toffee,mango,cardamom,cumin
coriander,butter,salt,soup
ketchup,sausages,turmeric,soda
candy,toffee,rice,oil
cheese,cardamom,mango,rice
coriander,tomato,soup,chocolates
sausages,toffee,bread,eggs
gems,coriander,turmeric,turmeric
salt,oil,ketchup,nuts
maggi,pulse,apple,chips
salt,coriander,salt,cheese
flour,flour,pepper,banana
bread,lemonade,jam,grapes
cumin,almonds,lolly,biscuits
lolly,flour,banana,cheese
sausages,mango,milk,ketchup
sausages,pulse,salt,coffee
cumin,grapes,buttermilk,jam
maggi,soda,orange,coriander
ketchup,pulse,butter,soup
coriander,tea,apple,onion
tea,nuts,mango,toffee
oil,lolly,maggi,turmeric
lolly,soda,grapes,flour
chocolates,lolly,flour,pepper
mango,yoghurt,pear,oil
coriander,eggs,grapes,pepper
buttermilk,yoghurt,biscuits,cereal
rice,soda,coffee,cashews
onion,soup,salt,yoghurt
cashews,nuts,orange,buttermilk
gems,maggi,pulse,pepper
almonds,ketchup,yoghurt,chocolates
lemonade,pulse,toffee,pepper
apple,grapes,lemonade,tea
ketchup,milk,biscuits,milk
cereal,coriander,grapes,maggi
apple,toffee,nuts,flour
cumin,sugar,soup,mango
grapes,chips,yoghurt,pulse
fizzy,drink,soda,almonds
banana,maggi,tang,flour
sugar,pulse,oil,bun
grapes,cumin,bun,eggs
bun,cereal,cashews,potato
nuts,coriander,bun,flour
tomato,eggs,bun,cumin
cereal,chips,onion,yoghurt
toffee,chips,candy,oil
cashews,flour,tomato,flour
candy,nuts,banana,cheese
gems,eggs,banana,soup
tea,bun,pear,lolly
nuts,banana,soup,gems
onion,tomato,tang,tea
almonds,cereal,potato,yoghurt
sausages,soup,almonds,tomato
bun,gems,cashews,bun
gems,coriander,lolly,milk
turmeric,chocolates,tomato,butter
tomato,chocolates,candy,gems
nuts,cumin,gems,yoghurt
potato,orange,nuts,gems
cheese,tang,pulse,sugar
candy,gems,cashews,apple
cardamom,butter,pepper,tea
yoghurt,cashews,tang,coriander
apple,butter,ketchup,jam
pepper,tang,biscuits,rice
onion,cardamom,apple,mango
tea,apple,cardamom,oil
sausages,toffee,pear,gems
onion,milk,biscuits,eggs
turmeric,soda,pear,butter
pepper,sugar,jam,salt
cardamom,maggi,potato,grapes
cheese,maggi,soup,maggi
fizzy,drink,coffee,tea
cheese,mango,soda,cereal
tomato,soda,apple,bread
coriander,sausages,banana,cashews
buttermilk,rice,banana,toffee
apple,coffee,pulse,sugar
coffee,oil,cashews,pulse
rice,pulse,milk,chips
coriander,pear,coriander,jam
almonds,bread,yoghurt,toffee
yoghurt,mango,banana,gems
oil,bread,tang,oil
banana,turmeric,jam,flour
rice,milk,jam,apple
chocolates,buttermilk,tea,nuts
buttermilk,tea,milk,coriander
maggi,maggi,coriander,lolly
soup,jam,bun,coffee
tea,bun,milk,turmeric
maggi,almonds,grapes,cereal
pulse,almonds,flour,eggs
eggs,sugar,milk,tang
cardamom,soup,maggi,lemonade
cardamom,cashews,coffee,candy
lemonade,potato,chips,grapes
maggi,yoghurt,pulse,soup
jam,milk,oil,onion
apple,rice,banana,tang
tea,turmeric,butter,cardamom
apple,butter,cumin,rice
cashews,pulse,maggi,pulse
gems,tang,tomato,orange
chocolates,gems,candy,coriander
lolly,bun,eggs,flour
tang,ketchup,nuts,potato
cardamom,gems,sausages,banana
tomato,tang,salt,eggs
almonds,pulse,flour,grapes
cheese,ketchup,maggi,bun
buttermilk,almonds,flour,cereal
pear,lemonade,gems,soda
tea,coriander,cereal,soup
potato,turmeric,fizzy,drink
coriander,pear,salt,tea
coffee,cardamom,cumin,butter
candy,almonds,onion,soup
bun,potato,cardamom,tomato
coriander,pulse,milk,tea
mango,pepper,toffee,fizzy
mango,coriander,bread,apple
buttermilk,lolly,tang,soup
grapes,turmeric,cashews,cheese
sausages,gems,soda,pepper
milk,almonds,bun,turmeric
salt,onion,banana,flour
oil,tomato,rice,pulse
sausages,cardamom,fizzy,drink
cashews,maggi,salt,bun
orange,flour,fizzy,drink
turmeric,cereal,yoghurt,cumin
coriander,chocolates,candy,pear
bun,gems,cardamom,orange
rice,salt,orange,bread
grapes,tang,nuts,bun
onion,chocolates,candy,grapes
sausages,pear,apple,flour
soda,gems,biscuits,soup
cashews,tea,toffee,tea
buttermilk,chips,rice,orange
gems,pepper,mango,banana
coriander,tea,almonds,fizzy
lemonade,ketchup,maggi,mango
sausages,ketchup,turmeric,mango
mango,turmeric,bun,bun
lolly,pulse,candy,oil
nuts,oil,toffee,chocolates
coriander,coffee,cashews,tea
cumin,coffee,cheese,soup
nuts,cashews,lolly,orange
cardamom,cereal,banana,sugar
mango,sugar,tea,toffee
onion,sugar,cashews,buttermilk
milk,tang,coffee,coriander
turmeric,butter,oil,pulse
banana,tea,turmeric,flour
yoghurt,sausages,buttermilk,potato
rice,banana,apple,cardamom
rice,maggi,yoghurt,lolly
cereal,candy,oil,sausages
tang,potato,pulse,jam
fizzy,drink,onion,bread
grapes,nuts,bun,fizzy
pepper,chocolates,fizzy,drink
gems,mango,chocolates,soup
orange,pepper,oil,chocolates
cashews,maggi,ketchup,tomato
tea,nuts,cereal,potato
tang,jam,cheese,pepper
tomato,tea,eggs,yoghurt
coffee,maggi,cheese,candy
nuts,rice,oil,almonds
pulse,tang,pepper,eggs
cashews,candy,candy,milk
flour,orange,soda,coffee
bread,turmeric,bun,biscuits
turmeric,almonds,gems,cereal
maggi,maggi,coriander,coffee
pulse,turmeric,apple,fizzy
yoghurt,tea,maggi,bun
mango,gems,lemonade,milk
soda,candy,coffee,eggs
potato,flour,flour,potato
maggi,chocolates,gems,yoghurt
tomato,cereal,biscuits,onion
sausages,apple,banana,tomato
sugar,jam,cardamom,cashews
buttermilk,butter,cheese,lolly
jam,pulse,cashews,tomato
lemonade,pepper,chips,tang
banana,chips,lemonade,soup
pulse,tomato,buttermilk,coffee
tea,milk,soda,cereal
fizzy,drink,cashews,milk
toffee,lolly,flour,gems
cereal,cashews,chips,coriander
tang,oil,lolly,cardamom
biscuits,nuts,turmeric,tang
turmeric,pear,yoghurt,almonds
coriander,onion,biscuits,tang
milk,pear,coriander,butter
tomato,fizzy,drink,pulse
pepper,butter,bread,buttermilk
rice,pear,jam,butter
oil,candy,coriander,maggi
fizzy,drink,yoghurt,rice
cashews,coffee,chocolates,gems
coffee,apple,almonds,jam
milk,toffee,flour,chips
onion,coriander,toffee,oil
banana,pulse,flour,apple
chips,almonds,tea,pear
soup,oil,tea,milk
nuts,cereal,buttermilk,toffee
biscuits,cheese,orange,flour
maggi,lolly,bun,potato
onion,cheese,lemonade,flour
yoghurt,lolly,sausages,cashews
coriander,butter,flour,ketchup
apple,onion,biscuits,banana
cumin,oil,buttermilk,cereal
tomato,yoghurt,coriander,banana
eggs,bread,onion,cereal
pear,buttermilk,eggs,cheese
tomato,apple,coffee,apple
almonds,maggi,gems,pear
coffee,bread,soda,tang
grapes,almonds,cumin,jam
rice,lolly,soup,grapes
pepper,nuts,chips,lolly
rice,bun,biscuits,maggi
coriander,coriander,grapes,bread
yoghurt,milk,milk,salt
milk,biscuits,cereal,coffee
gems,onion,toffee,jam
yoghurt,tang,potato,turmeric
cardamom,fizzy,drink,soup
banana,tomato,oil,almonds
tomato,bun,candy,coriander
flour,soup,mango,chocolates
pear,cumin,turmeric,bun
potato,candy,biscuits,candy
pulse,cumin,tea,soup
pear,onion,tang,chips
soup,candy,sugar,toffee
lemonade,onion,onion,bread
oil,candy,milk,orange
banana,sugar,ketchup,soda
soup,tea,maggi,sausages
buttermilk,lolly,cereal,lemonade
potato,yoghurt,flour,cumin
pear,sugar,chocolates,coffee
chips,chips,oil,coffee
jam,buttermilk,pepper,rice
butter,rice,almonds,grapes
bread,buttermilk,eggs,cheese
coffee,chips,sugar,bread
gems,butter,maggi,ketchup
sausages,flour,mango,lolly
jam,cheese,buttermilk,flour
sausages,coriander,butter,sugar
cardamom,soup,pear,oil
candy,pulse,tea,biscuits
cardamom,turmeric,banana,biscuits
bread,pulse,ketchup,jam
almonds,almonds,onion,soda
soup,almonds,cereal,lemonade
potato,coriander,oil,oil
yoghurt,grapes,bread,biscuits
grapes,soup,yoghurt,mango
mango,fizzy,drink,chips
buttermilk,fizzy,drink,sugar
ketchup,rice,soup,chocolates
cumin,cardamom,pepper,toffee
biscuits,candy,buttermilk,jam
pepper,tomato,potato,grapes
turmeric,cheese,oil,nuts
cereal,buttermilk,yoghurt,pulse
soup,almonds,oil,cardamom
turmeric,pepper,potato,pear
lolly,salt,candy,sausages
onion,toffee,cashews,cheese
biscuits,toffee,cardamom,salt
tang,flour,cumin,nuts
jam,soda,jam,butter
cardamom,mango,bread,cumin
sausages,tang,biscuits,sausages
sugar,ketchup,sausages,bread
biscuits,grapes,rice,sugar
onion,lemonade,grapes,lemonade
tomato,potato,milk,ketchup
maggi,tomato,turmeric,maggi
tomato,cheese,ketchup,onion
apple,sausages,chocolates,cheese
bread,milk,sausages,butter
potato,lolly,tea,onion
bread,oil,tomato,soda
sausages,almonds,chocolates,pulse
ketchup,lolly,oil,bread
tea,flour,soda,gems
bun,coffee,jam,gems
lemonade,fizzy,drink,cardamom
coffee,buttermilk,pepper,bread
soup,pear,tang,cardamom
coriander,pear,rice,toffee
yoghurt,grapes,eggs,almonds
cardamom,coffee,tomato,flour
chips,tomato,lolly,cumin
gems,lemonade,coriander,milk
almonds,candy,yoghurt,bun
tea,apple,maggi,pepper
soup,onion,banana,sugar
chocolates,chips,tang,gems
jam,cashews,onion,salt
cumin,pear,apple,coffee
grapes,cardamom,ketchup,tea
chocolates,maggi,biscuits,fizzy
cereal,almonds,tomato,coffee
ketchup,apple,cumin,candy
butter,banana,candy,cereal
coriander,maggi,onion,cereal
pear,mango,chocolates,jam
soup,bread,banana,potato
butter,cumin,lemonade,rice
flour,tomato,coffee,potato
oil,tea,almonds,yoghurt
mango,lemonade,tea,yoghurt
cardamom,tang,banana,sugar
coriander,chips,nuts,apple
tea,candy,lolly,biscuits
soup,ketchup,cashews,potato
chocolates,bun,bread,candy
biscuits,cashews,soup,butter
eggs,lolly,cumin,onion
toffee,rice,cheese,biscuits
pulse,candy,apple,bun
banana,almonds,lemonade,pulse
tomato,bun,sausages,apple
fizzy,drink,soda,coriander
apple,cereal,potato,nuts
cardamom,almonds,lemonade,eggs
yoghurt,eggs,banana,yoghurt
eggs,nuts,coffee,cheese
flour,jam,cereal,mango
tomato,jam,milk,sausages
mango,cashews,flour,mango
sugar,apple,eggs,coffee
grapes,salt,onion,candy
bun,pepper,soda,banana
jam,soup,chips,buttermilk
eggs,apple,milk,chocolates
lemonade,buttermilk,cereal,banana
cheese,butter,chips,chips
tang,gems,nuts,nuts
milk,pulse,onion,cumin
tea,salt,coffee,butter
cardamom,chips,milk,apple
tea,oil,butter,pepper
almonds,chocolates,butter,toffee
bread,butter,ketchup,lolly
nuts,tang,flour,jam
grapes,candy,orange,ketchup
grapes,apple,eggs,rice
onion,buttermilk,lemonade,lolly
bun,yoghurt,coriander,almonds
tang,cardamom,bread,onion
buttermilk,lolly,biscuits,soup
cumin,butter,chips,coffee
onion,onion,bread,chocolates
maggi,rice,coffee,buttermilk
sugar,candy,cashews,candy
turmeric,candy,coriander,lemonade
chips,salt,oil,pulse
lolly,cumin,turmeric,chocolates
coriander,pepper,bun,biscuits
ketchup,cumin,turmeric,sugar
biscuits,ketchup,maggi,candy
onion,maggi,cumin,tang
maggi,soup,chocolates,lolly
cashews,lemonade,onion,bread
sausages,nuts,oil,buttermilk
chocolates,apple,grapes,fizzy
yoghurt,cardamom,tang,apple
tomato,oil,bread,salt
oil,sausages,soup,chocolates
eggs,sausages,chips,pulse
soup,jam,grapes,yoghurt
cheese,cumin,lemonade,lemonade
soda,toffee,banana,butter
bun,cardamom,bun,coffee
onion,rice,pear,potato
almonds,pepper,salt,maggi
pepper,butter,pear,bun
sugar,biscuits,orange,rice
onion,coriander,fizzy,drink
pulse,soup,tomato,lemonade
ketchup,salt,bread,jam
tea,tea,biscuits,apple
onion,yoghurt,pepper,turmeric
soda,cheese,pepper,apple
cheese,gems,salt,toffee
chips,potato,butter,sausages
milk,tang,biscuits,pepper
orange,coriander,buttermilk,tang
almonds,eggs,almonds,flour
turmeric,bread,maggi,coriander
apple,candy,butter,buttermilk
toffee,sausages,candy,soda
nuts,oil,onion,sausages
buttermilk,coffee,salt,ketchup
orange,orange,potato,cashews
mango,mango,pulse,salt
chips,chips,turmeric,onion
butter,pepper,pear,flour
oil,flour,cumin,potato
almonds,orange,banana,gems
tomato,maggi,candy,mango
apple,cardamom,mango,almonds
oil,flour,jam,cumin
sugar,coriander,rice,fizzy
ketchup,orange,salt,salt
maggi,sugar,apple,pepper
flour,almonds,cashews,salt
coffee,cardamom,bun,tomato
turmeric,pear,butter,soda
tea,butter,flour,lolly
toffee,cheese,pear,butter
fizzy,drink,nuts,lemonade
eggs,lolly,candy,salt
coriander,chocolates,onion,butter
butter,turmeric,milk,banana
banana,cashews,cereal,cumin
tomato,coriander,cheese,potato
orange,potato,butter,maggi
oil,turmeric,bun,potato
bread,banana,chocolates,cereal
tea,candy,rice,tea
lemonade,apple,cardamom,orange
sugar,rice,gems,cashews
coriander,onion,cereal,yoghurt
onion,onion,milk,pepper
cereal,milk,tomato,chips
turmeric,grapes,pulse,soup
coffee,cheese,lemonade,sausages
sugar,butter,turmeric,ketchup
mango,potato,sausages,cheese
cashews,onion,onion,cardamom
buttermilk,lolly,eggs,turmeric
sausages,salt,candy,coriander
bread,chips,orange,tang
yoghurt,chocolates,nuts,sausages
tomato,pear,fizzy,drink
toffee,chips,bread,lemonade
yoghurt,cashews,turmeric,lemonade
milk,almonds,grapes,nuts
almonds,maggi,toffee,pulse
banana,ketchup,grapes,pulse
candy,pulse,apple,bread
eggs,apple,maggi,orange
apple,mango,cashews,ketchup
buttermilk,pulse,cheese,sugar
pulse,cheese,cardamom,tang
milk,apple,cumin,buttermilk
cheese,cumin,ketchup,cardamom
soup,ketchup,almonds,salt
coriander,mango,orange,cumin
cardamom,pear,rice,apple
coriander,coriander,soda,cumin
soda,bread,yoghurt,chips
jam,mango,tea,turmeric
lolly,maggi,cereal,milk
pear,pulse,fizzy,drink
chocolates,buttermilk,onion,eggs
jam,almonds,cumin,toffee
fizzy,drink,cereal,bun
grapes,milk,onion,coriander
nuts,sugar,cereal,toffee
soda,tomato,cashews,ketchup
milk,turmeric,flour,milk
oil,apple,cheese,rice
tomato,tea,coffee,lolly
tang,soup,almonds,apple
lolly,coriander,lemonade,gems
sugar,grapes,cumin,rice
biscuits,chocolates,cheese,potato
soda,almonds,coffee,soda
bun,bread,milk,jam
biscuits,almonds,orange,fizzy
pepper,cumin,chips,tea
apple,maggi,cumin,soup
candy,tomato,cardamom,lemonade
tea,apple,banana,ketchup
tang,lolly,onion,pulse
tang,salt,flour,potato
coriander,toffee,apple,soda
milk,eggs,grapes,sausages
bun,cereal,nuts,ketchup
turmeric,tang,cumin,apple
toffee,rice,buttermilk,cereal
chocolates,cereal,chocolates,grapes
yoghurt,onion,cheese,eggs
chips,sugar,bread,chocolates
almonds,soda,apple,lemonade
cheese,chocolates,chocolates,sugar
fizzy,drink,bread,bread
salt,bun,cumin,salt
toffee,maggi,sausages,jam
bread,pulse,butter,orange
cardamom,coffee,candy,flour
potato,cumin,chips,coffee
gems,tea,bread,fizzy
oil,oil,milk,banana
candy,potato,cumin,tomato
yoghurt,tomato,cereal,orange
rice,cereal,almonds,lolly
cardamom,fizzy,drink,cumin
pear,chips,butter,banana
pulse,sausages,rice,potato
grapes,soda,oil,chips
yoghurt,eggs,coriander,fizzy
butter,apple,tang,rice
toffee,salt,cumin,cardamom
onion,pepper,flour,cheese
tea,bun,tomato,chocolates
tea,potato,soda,pepper
chocolates,chips,soda,oil
tomato,pear,cumin,lolly
tang,coriander,cereal,cheese
rice,bread,candy,onion
coffee,turmeric,rice,milk
oil,pear,oil,oil
pulse,rice,nuts,tomato
cashews,potato,lemonade,flour
pear,cumin,potato,soda
butter,tang,soup,onion
biscuits,eggs,grapes,salt
cashews,pear,milk,potato
mango,cashews,cheese,chips
tomato,pear,turmeric,ketchup
apple,toffee,almonds,ketchup
maggi,gems,potato,apple
yoghurt,biscuits,cashews,cashews
tomato,oil,nuts,tea
milk,milk,turmeric,lolly
pear,sausages,fizzy,drink
milk,oil,fizzy,drink
rice,chocolates,coffee,candy
oil,maggi,biscuits,flour
mango,onion,oil,jam
buttermilk,grapes,butter,fizzy
cumin,eggs,tomato,grapes
buttermilk,sugar,lemonade,cumin
lemonade,banana,fizzy,drink
eggs,pulse,cardamom,tomato
butter,potato,lemonade,almonds
flour,orange,cashews,lemonade
rice,soup,banana,onion
fizzy,drink,onion,sugar
onion,eggs,turmeric,ketchup
lolly,oil,apple,cumin
apple,toffee,tea,chips
biscuits,apple,bun,coriander
cardamom,gems,tea,chips
onion,mango,candy,jam
mango,soup,coffee,banana
gems,soup,pulse,cardamom
banana,cumin,candy,butter
oil,jam,cashews,lemonade
yoghurt,pear,bread,flour
eggs,orange,bread,bun
salt,almonds,lemonade,lolly
jam,ketchup,soda,tea
candy,cheese,cheese,apple
onion,cardamom,banana,fizzy
pepper,maggi,pepper,almonds
tang,cashews,chips,sugar
toffee,fizzy,drink,toffee
coffee,cumin,grapes,grapes
soup,bread,bread,apple
fizzy,drink,tomato,chips
salt,buttermilk,flour,gems
lemonade,onion,cardamom,lemonade
cardamom,banana,cereal,chocolates
butter,soup,soup,yoghurt
onion,pepper,tang,cardamom
jam,sugar,onion,coffee
pepper,onion,nuts,yoghurt
oil,sugar,butter,yoghurt
rice,milk,eggs,potato
tea,sugar,chocolates,cumin
cheese,tomato,soup,rice
salt,coriander,nuts,pulse
coffee,biscuits,buttermilk,bun
chips,orange,sausages,salt
tomato,lolly,pulse,butter
sausages,sausages,tomato,almonds
soda,toffee,cheese,nuts
cardamom,bun,candy,ketchup
lemonade,toffee,gems,turmeric
coriander,turmeric,almonds,pulse
turmeric,banana,cardamom,lolly
milk,cumin,soda,salt
pear,buttermilk,apple,eggs
banana,gems,cardamom,fizzy
fizzy,drink,salt,turmeric
coffee,yoghurt,pear,apple
cumin,lolly,lemonade,tang
cereal,potato,fizzy,drink
apple,bread,candy,cardamom
soda,soda,ketchup,banana
salt,jam,potato,jam
pulse,tea,buttermilk,sausages
maggi,chips,tomato,mango
salt,milk,oil,lemonade
turmeric,chips,flour,cumin
pear,orange,milk,grapes
chocolates,onion,rice,onion
nuts,sugar,jam,butter
potato,pulse,toffee,orange
pulse,pear,cardamom,toffee
tomato,orange,soup,lolly
potato,flour,orange,coffee
rice,coffee,cereal,nuts
cashews,potato,chocolates,lolly
potato,jam,nuts,tang
yoghurt,chips,apple,yoghurt
coffee,tang,potato,soup
gems,cashews,chips,potato
nuts,pear,cashews,nuts
orange,sugar,mango,banana
cashews,gems,chips,mango
eggs,chips,orange,tomato
butter,bun,soda,yoghurt
cumin,cumin,bread,ketchup
tomato,nuts,pepper,soup
ketchup,pepper,flour,biscuits
pepper,jam,pepper,cheese
orange,lemonade,buttermilk,mango
lemonade,candy,mango,lolly
buttermilk,rice,toffee,oil
bun,milk,oil,onion
eggs,fizzy,drink,grapes
milk,candy,toffee,pear
salt,banana,soda,eggs
flour,coriander,cashews,onion
mango,cereal,chocolates,milk
toffee,gems,soda,butter
pulse,pear,chocolates,toffee
cardamom,cumin,cereal,cereal
soda,cheese,almonds,jam
ketchup,cheese,buttermilk,tea
sausages,gems,soup,tea
flour,coffee,sausages,cardamom
pear,grapes,nuts,tomato
candy,toffee,jam,pulse
pear,soup,pepper,almonds
lolly,tomato,rice,eggs
pear,eggs,soda,gems
tomato,chocolates,oil,rice
pear,tang,turmeric,soup
oil,sausages,apple,soup
coriander,mango,oil,flour
fizzy,drink,butter,cashews
biscuits,rice,lolly,sugar
ketchup,bun,potato,lolly
lemonade,pear,biscuits,lolly
turmeric,apple,mango,pear
chips,soda,rice,fizzy
pepper,maggi,coriander,chocolates
salt,yoghurt,bread,tea
pear,jam,eggs,lemonade
soup,chips,tang,maggi
pear,milk,coriander,oil
onion,onion,cheese,apple
nuts,cheese,turmeric,chips
bread,bun,apple,lolly
nuts,mango,ketchup,lolly
bun,cardamom,bread,nuts
buttermilk,bread,buttermilk,chips
biscuits,fizzy,drink,tang
tea,coriander,soup,milk
potato,fizzy,drink,chips
cereal,chips,onion,tomato
biscuits,lemonade,tang,eggs
lemonade,bun,apple,tea
eggs,soup,coriander,soda
milk,cumin,fizzy,drink
banana,grapes,eggs,soup
lemonade,pepper,cardamom,banana
tea,candy,sugar,tea
mango,coffee,orange,tea
sugar,biscuits,sugar,cumin
milk,tea,soup,banana
milk,butter,tang,sugar
coriander,maggi,sausages,salt
toffee,jam,cumin,tomato
cumin,cereal,rice,orange
flour,biscuits,lolly,cheese
biscuits,apple,cumin,flour
fizzy,drink,pear,tang
bun,cardamom,tea,fizzy
almonds,maggi,tang,bun
cheese,fizzy,drink,flour
soup,candy,chocolates,jam
tang,chocolates,turmeric,sugar
salt,yoghurt,sausages,sugar
coriander,potato,tomato,nuts
chocolates,ketchup,flour,mango
tomato,buttermilk,tang,cereal
nuts,gems,ketchup,pear
biscuits,coriander,tomato,tea
butter,biscuits,bread,chocolates
chocolates,tea,salt,oil
cumin,soup,maggi,milk
lolly,soda,sausages,mango
cashews,bread,sugar,eggs
gems,cereal,apple,nuts
coffee,oil,toffee,cashews
pepper,banana,grapes,salt
pulse,coriander,potato,salt
soda,cumin,banana,cardamom
cashews,toffee,maggi,gems
toffee,eggs,jam,cheese
chips,candy,lolly,pulse
biscuits,apple,chips,lemonade
fizzy,drink,yoghurt,pulse
fizzy,drink,bun,sausages
sugar,mango,lolly,banana
buttermilk,almonds,butter,soup
soda,biscuits,oil,rice
lolly,salt,sausages,cumin
maggi,cardamom,toffee,candy
bread,turmeric,cereal,rice
nuts,yoghurt,chips,coffee
milk,fizzy,drink,buttermilk
bread,cardamom,turmeric,lemonade
pulse,cashews,cardamom,cereal
orange,candy,cardamom,buttermilk
lolly,cumin,grapes,eggs
eggs,chocolates,chocolates,banana
cashews,gems,mango,banana
chips,tomato,soup,chocolates
sausages,maggi,cardamom,soda
chocolates,cheese,pepper,salt
ketchup,potato,pepper,tomato
cardamom,rice,chocolates,bread
buttermilk,tea,soup,nuts
chocolates,salt,mango,orange
bun,banana,chocolates,buttermilk
onion,sausages,sugar,milk
coffee,soda,ketchup,biscuits
cereal,candy,candy,maggi
fizzy,drink,oil,milk
mango,gems,maggi,chocolates
mango,sausages,cashews,soup
turmeric,jam,candy,apple
tang,flour,onion,oil
milk,yoghurt,cereal,pepper
flour,buttermilk,jam,lemonade
fizzy,drink,cardamom,toffee
nuts,tea,grapes,chocolates
coffee,coriander,chocolates,soup
tomato,soup,tomato,soda
buttermilk,butter,cardamom,bread
tea,pulse,gems,buttermilk
cashews,gems,pear,biscuits
coriander,salt,candy,sugar
tea,butter,almonds,fizzy
coriander,pepper,apple,chips
apple,buttermilk,soup,butter
cashews,tomato,milk,gems
flour,ketchup,sausages,milk
salt,chips,jam,cereal
coriander,grapes,pear,chips
ketchup,onion,orange,cereal
turmeric,butter,yoghurt,sausages
chips,bread,toffee,cashews
chocolates,nuts,soda,cheese
cereal,butter,salt,rice
apple,tea,jam,biscuits
soda,flour,turmeric,maggi
tomato,orange,flour,lemonade
cereal,jam,pepper,butter
chocolates,milk,milk,lemonade
onion,lolly,pepper,cardamom
lolly,fizzy,drink,sausages
mango,tang,toffee,bread
sugar,potato,pulse,apple
lemonade,nuts,buttermilk,tomato
cumin,grapes,lolly,butter
tea,ketchup,grapes,buttermilk
bun,onion,chips,onion
grapes,yoghurt,nuts,onion
oil,salt,coffee,potato
lemonade,almonds,tomato,cheese
mango,toffee,cashews,apple
cereal,apple,pulse,ketchup
grapes,maggi,gems,cumin
orange,bun,lemonade,butter
ketchup,banana,pear,pepper
jam,oil,cereal,bread
turmeric,almonds,pulse,rice
banana,milk,eggs,biscuits
lemonade,pulse,gems,butter
ketchup,tang,soda,lemonade
flour,pear,lolly,gems
bun,cardamom,tomato,tang
orange,mango,sugar,nuts
salt,maggi,soup,chips
mango,pepper,ketchup,cumin
butter,flour,ketchup,gems
oil,pepper,chocolates,cardamom
pulse,sugar,butter,tomato
jam,bun,soup,bread
potato,milk,banana,lemonade
soda,orange,potato,jam
salt,flour,yoghurt,coriander
eggs,oil,sugar,fizzy
orange,sausages,pulse,almonds
eggs,eggs,rice,flour
cheese,almonds,almonds,grapes
buttermilk,cereal,soda,coffee
banana,chips,cheese,potato
mango,candy,buttermilk,sausages
banana,chips,pear,chocolates
coriander,gems,coffee,buttermilk
candy,pulse,cumin,onion
yoghurt,cheese,maggi,maggi
pear,apple,potato,rice
bread,sausages,oil,mango
cashews,bun,turmeric,pear
coffee,banana,almonds,oil
tomato,pepper,potato,jam
lemonade,pulse,cereal,chocolates
bun,grapes,mango,chocolates
tang,candy,biscuits,chocolates
butter,soda,buttermilk,coriander
fizzy,drink,pear,cereal
lemonade,apple,sugar,lolly
chips,bun,mango,lolly
coriander,milk,almonds,grapes
apple,pepper,eggs,cashews
gems,cheese,eggs,pepper
cumin,fizzy,drink,cereal
coriander,gems,buttermilk,bread
lemonade,coffee,fizzy,drink
orange,potato,flour,toffee
flour,eggs,buttermilk,soup
gems,bread,butter,cumin
ketchup,buttermilk,pear,yoghurt
candy,tang,gems,sausages
butter,salt,cashews,coffee
gems,cheese,tang,sugar
flour,rice,lolly,pulse
butter,bread,cheese,jam
candy,tea,cardamom,toffee
toffee,bread,nuts,toffee
lolly,almonds,pulse,sugar
butter,coriander,potato,grapes
sugar,pulse,rice,cereal
onion,biscuits,tea,cheese
coriander,ketchup,cheese,soup
coriander,toffee,pulse,orange
tea,lemonade,ketchup,coffee
ketchup,sugar,almonds,tang
coffee,potato,tea,cashews
cardamom,chocolates,bread,milk
oil,tomato,candy,salt
fizzy,drink,apple,grapes
tea,grapes,cardamom,grapes
salt,eggs,cardamom,tomato
chocolates,chocolates,orange,cashews
tea,pear,almonds,toffee
lemonade,oil,toffee,yoghurt
pepper,coffee,onion,nuts
biscuits,pepper,cardamom,nuts
tomato,milk,sausages,banana
milk,flour,orange,chocolates
grapes,flour,sausages,gems
nuts,soda,jam,nuts
gems,pulse,sugar,milk
biscuits,coriander,tomato,cashews
lemonade,rice,tea,maggi
butter,gems,coffee,pulse
apple,milk,lemonade,sugar
pulse,pepper,oil,cardamom
turmeric,jam,apple,milk
soup,soda,yoghurt,soup
ketchup,milk,cardamom,milk
coffee,cereal,bread,fizzy
buttermilk,milk,toffee,nuts
chips,soup,milk,orange
lemonade,coriander,chips,soup
candy,sugar,pear,maggi
candy,cardamom,salt,pepper
cardamom,grapes,fizzy,drink
coriander,maggi,potato,chips
tea,bread,jam,coriander
maggi,turmeric,yoghurt,yoghurt
chips,flour,candy,banana
soup,maggi,chocolates,eggs
butter,onion,mango,pear
tang,apple,apple,soup
chocolates,lemonade,rice,maggi
eggs,sausages,tang,rice
salt,soup,bread,cashews
pepper,gems,fizzy,drink
flour,bun,ketchup,almonds
coriander,toffee,orange,rice
onion,tomato,potato,banana
almonds,pear,soda,almonds
buttermilk,cumin,yoghurt,butter
yoghurt,salt,chips,buttermilk
tomato,flour,potato,onion
pepper,cereal,coriander,soup
toffee,pepper,nuts,flour
chocolates,cereal,cardamom,tang
coffee,mango,chips,mango
lemonade,coriander,gems,eggs
sugar,coffee,bread,coriander
ketchup,coffee,lemonade,onion
coriander,onion,bun,flour
turmeric,soda,pulse,apple
grapes,ketchup,toffee,tang
cardamom,soda,buttermilk,fizzy
rice,toffee,gems,maggi
flour,tea,cumin,coffee
orange,cumin,orange,soda
biscuits,sausages,sausages,tea
toffee,oil,pear,apple
onion,yoghurt,butter,almonds
nuts,buttermilk,toffee,orange
cardamom,bun,buttermilk,milk
mango,oil,tang,bun
cereal,tomato,butter,buttermilk
cereal,mango,oil,coriander
pulse,lolly,banana,tomato
pear,coriander,ketchup,butter
maggi,yoghurt,sausages,lemonade
turmeric,butter,tang,jam
fizzy,drink,nuts,orange
rice,ketchup,nuts,gems
maggi,lemonade,chocolates,coffee
coriander,rice,cashews,toffee
bread,sugar,banana,almonds
sugar,butter,buttermilk,sugar
sausages,salt,candy,maggi
oil,fizzy,drink,tea
tea,yoghurt,chips,gems
apple,oil,mango,biscuits
gems,sausages,buttermilk,pulse
toffee,nuts,grapes,maggi
eggs,candy,cardamom,sugar
chocolates,oil,chips,toffee
coffee,butter,tang,butter
soda,jam,pulse,cardamom
cumin,almonds,tomato,biscuits
tea,gems,onion,grapes
almonds,yoghurt,butter,eggs
cumin,sugar,eggs,cardamom
onion,ketchup,chocolates,apple
grapes,lolly,sausages,jam
maggi,salt,soup,coriander
mango,eggs,candy,pear
tea,cashews,toffee,sausages
lemonade,buttermilk,chips,lemonade
lemonade,potato,gems,pepper
mango,lemonade,nuts,sausages
cereal,sugar,yoghurt,pulse
cereal,butter,sausages,bun
salt,bun,buttermilk,apple
fizzy,drink,rice,chocolates
lemonade,tomato,turmeric,sausages
bun,coffee,yoghurt,turmeric
tang,banana,turmeric,chocolates
cereal,biscuits,sausages,almonds
buttermilk,candy,soup,jam
soda,lemonade,fizzy,drink
soda,gems,apple,pear
yoghurt,orange,coriander,turmeric
bread,pulse,apple,cumin
milk,eggs,pepper,potato
ketchup,fizzy,drink,soup
almonds,lemonade,apple,nuts
yoghurt,flour,cereal,coffee
cheese,lemonade,grapes,biscuits
salt,candy,milk,banana
buttermilk,chocolates,oil,sugar
cashews,milk,cheese,yoghurt
onion,sausages,onion,eggs
soup,flour,yoghurt,bread
butter,oil,nuts,tea
tomato,onion,nuts,onion
potato,gems,gems,pepper
pear,gems,milk,salt
eggs,lolly,yoghurt,yoghurt
salt,maggi,mango,apple
ketchup,apple,coffee,chocolates
apple,soup,pulse,soda
tang,banana,buttermilk,toffee
tang,yoghurt,biscuits,tang
jam,soup,toffee,toffee
butter,bun,tea,candy
butter,tomato,rice,butter
oil,cheese,grapes,orange
pepper,biscuits,banana,yoghurt
rice,lemonade,salt,oil
coriander,tea,biscuits,turmeric
potato,onion,tomato,cashews
pepper,salt,fizzy,drink
grapes,tea,candy,banana
maggi,cereal,oil,pear
lolly,coriander,candy,sugar
tang,pepper,candy,cardamom
chips,nuts,turmeric,bun
pear,tea,chips,lolly
chocolates,eggs,mango,tea
coriander,bread,banana,maggi
tea,buttermilk,cashews,chips
cheese,oil,onion,chocolates
chips,oil,sausages,yoghurt
rice,cereal,soda,yoghurt
tomato,almonds,nuts,cashews
oil,tang,sausages,soup
pulse,yoghurt,cardamom,toffee
soup,apple,jam,pepper
banana,eggs,butter,chips
apple,eggs,apple,fizzy
milk,chocolates,butter,cereal
cardamom,cereal,oil,tomato
bread,tea,tomato,pear
yoghurt,soup,lolly,soup
coriander,lemonade,coffee,gems
biscuits,coffee,eggs,flour
lemonade,mango,banana,lolly
ketchup,sausages,orange,tomato
sugar,soup,rice,cardamom
soda,mango,potato,rice
chips,cereal,banana,maggi
onion,cheese,lolly,pulse
toffee,buttermilk,potato,maggi
eggs,butter,cereal,sausages
tang,toffee,soup,cereal
mango,soda,biscuits,lemonade
potato,nuts,candy,potato
banana,soup,bun,bread
rice,maggi,fizzy,drink
fizzy,drink,cumin,cheese
gems,turmeric,orange,butter
potato,tang,flour,lolly
coffee,apple,pear,eggs
sausages,banana,biscuits,bread
ketchup,cardamom,biscuits,nuts
coffee,cardamom,buttermilk,bread
salt,cheese,candy,pepper
chocolates,pulse,apple,milk
ketchup,apple,sausages,cheese
biscuits,candy,turmeric,orange
maggi,pepper,turmeric,cereal
cereal,pulse,bread,eggs
apple,mango,bun,almonds
pulse,pear,flour,almonds
rice,sausages,bun,milk
bread,buttermilk,buttermilk,mango
rice,jam,ketchup,coffee
lolly,pulse,butter,grapes
mango,sugar,flour,pear
tomato,cereal,rice,salt
pulse,turmeric,lemonade,mango
grapes,nuts,buttermilk,sugar
fizzy,drink,cereal,milk
maggi,cumin,lolly,biscuits
candy,onion,coffee,bun
chips,sausages,butter,almonds
cereal,coffee,gems,chips
soda,candy,eggs,pear
maggi,candy,sugar,sugar
bread,soup,pear,potato
ketchup,lemonade,onion,flour
bread,cereal,orange,banana
butter,soda,butter,oil
grapes,oil,nuts,nuts
sugar,milk,tang,maggi
pepper,cashews,apple,fizzy
potato,oil,tomato,sausages
grapes,bread,chips,sausages
oil,coriander,onion,toffee
oil,biscuits,lolly,rice
soda,orange,almonds,fizzy
cashews,pulse,yoghurt,soda
banana,rice,cheese,cumin
grapes,cereal,salt,gems
potato,apple,biscuits,maggi
chocolates,pepper,rice,gems
buttermilk,soda,fizzy,drink
oil,biscuits,tang,butter
tomato,pear,tang,eggs
sausages,orange,chocolates,salt
cereal,soda,pear,cumin
almonds,lolly,eggs,yoghurt
soda,fizzy,drink,almonds
orange,tang,ketchup,tomato
yoghurt,cheese,pulse,coriander
onion,butter,pepper,salt
biscuits,pulse,chips,pear
soup,coriander,buttermilk,butter
butter,almonds,chocolates,coriander
yoghurt,sugar,banana,toffee
cashews,pear,almonds,candy
toffee,mango,salt,buttermilk
chips,jam,soup,bread
cardamom,fizzy,drink,tomato
coriander,coriander,cardamom,gems
toffee,pear,milk,oil
eggs,onion,cheese,biscuits
chips,cereal,yoghurt,soda
turmeric,cardamom,soda,yoghurt
salt,toffee,pepper,grapes
onion,turmeric,butter,cashews
apple,nuts,cashews,pepper
soda,candy,soup,biscuits
eggs,ketchup,oil,almonds
cereal,onion,coriander,oil
bun,cashews,cumin,coffee
salt,lolly,apple,lemonade
chocolates,nuts,almonds,pulse
rice,buttermilk,pear,onion
chips,yoghurt,turmeric,lolly
fizzy,drink,chips,candy
sausages,eggs,rice,yoghurt
turmeric,toffee,ketchup,onion
soda,turmeric,mango,pear
candy,grapes,apple,cashews
maggi,rice,biscuits,pulse
oil,cheese,toffee,coffee
onion,apple,coffee,orange
oil,sugar,cereal,coriander
mango,tomato,sugar,mango
nuts,jam,turmeric,jam
bun,ketchup,buttermilk,gems
pulse,lolly,yoghurt,gems
pulse,eggs,buttermilk,rice
biscuits,biscuits,lolly,chips
lolly,almonds,turmeric,pulse
butter,apple,soda,tomato
cashews,yoghurt,sausages,yoghurt
pulse,gems,toffee,soup
almonds,coffee,orange,almonds
buttermilk,lolly,lolly,pepper
milk,nuts,milk,cumin
bun,grapes,ketchup,cheese
onion,flour,yoghurt,lemonade
sugar,jam,cereal,jam
soup,cashews,orange,onion
sugar,apple,lolly,lolly
soup,lemonade,butter,soup
bread,eggs,potato,soup
coriander,rice,coriander,cumin
yoghurt,pepper,apple,pulse
sausages,flour,buttermilk,oil
orange,soup,cumin,salt
oil,cashews,pear,turmeric
onion,onion,cardamom,almonds
chips,sugar,onion,fizzy
fizzy,drink,soup,oil
pulse,bun,chips,biscuits
gems,jam,tomato,sausages
milk,bun,apple,biscuits
sausages,pulse,tomato,biscuits
orange,ketchup,chips,chips
maggi,apple,grapes,cereal
lolly,chocolates,toffee,pulse
bun,salt,candy,gems
mango,sugar,tea,bread
cashews,tea,flour,coriander
toffee,bread,orange,pepper
ketchup,lolly,butter,lolly
tang,tea,pear,salt
lolly,pepper,pepper,buttermilk
jam,ketchup,salt,tang
bun,sausages,almonds,salt
mango,almonds,biscuits,pulse
potato,flour,eggs,cardamom
buttermilk,cardamom,soup,biscuits
fizzy,drink,butter,pear
bread,rice,gems,toffee
gems,banana,chips,pepper
maggi,chips,pulse,almonds
tang,gems,chocolates,jam
cashews,milk,flour,lemonade
biscuits,toffee,sausages,pear
yoghurt,onion,gems,chocolates
sausages,eggs,coffee,soda
soup,chocolates,butter,biscuits
buttermilk,maggi,candy,onion
apple,pear,sugar,ketchup
cardamom,biscuits,cheese,nuts
buttermilk,biscuits,lolly,toffee
lemonade,chips,coffee,sugar
chips,maggi,almonds,cheese
oil,rice,lemonade,cumin
candy,nuts,fizzy,drink
gems,cereal,salt,yoghurt
bun,cardamom,sausages,coffee
soup,chips,nuts,cashews
coffee,eggs,rice,gems
salt,pepper,nuts,tomato
tea,tea,salt,chips
bread,cumin,rice,milk
onion,chocolates,bun,sugar
soda,milk,buttermilk,maggi
eggs,oil,maggi,eggs
almonds,cereal,cereal,almonds
bread,pulse,potato,lolly
lemonade,pear,soda,chocolates
coriander,lolly,nuts,butter
biscuits,almonds,toffee,cashews
pulse,milk,potato,salt
biscuits,apple,pear,maggi
fizzy,drink,banana,jam
coffee,grapes,turmeric,onion
pear,biscuits,tang,buttermilk
oil,soda,fizzy,drink
flour,chocolates,ketchup,butter
chocolates,orange,buttermilk,tea
cashews,yoghurt,grapes,coriander
yoghurt,soda,oil,chocolates
lemonade,toffee,ketchup,candy
turmeric,fizzy,drink,turmeric
sugar,salt,jam,fizzy
bread,cardamom,yoghurt,candy
potato,biscuits,biscuits,sugar
fizzy,drink,rice,yoghurt
gems,maggi,banana,biscuits
buttermilk,bun,lolly,rice
tomato,pear,tea,butter
onion,almonds,ketchup,flour
cumin,flour,flour,pulse
lemonade,soup,lolly,turmeric
lolly,onion,tea,gems
yoghurt,fizzy,drink,oil
banana,pear,jam,candy
flour,butter,cereal,candy
nuts,tea,maggi,pear
pulse,potato,maggi,toffee
potato,pulse,cheese,grapes
chocolates,milk,sausages,mango
bun,ketchup,butter,eggs
gems,milk,tang,banana
banana,soup,ketchup,coffee
orange,tea,salt,cheese
cereal,pepper,lemonade,soup
eggs,onion,onion,potato
flour,pepper,mango,bread
pear,bun,chips,coffee
yoghurt,biscuits,lemonade,coriander
nuts,milk,tang,soda
tea,oil,sugar,soup
lemonade,sausages,milk,cardamom
almonds,orange,banana,cereal
oil,apple,cardamom,soda
cardamom,biscuits,soda,butter
flour,maggi,grapes,chocolates
gems,tang,almonds,chips
onion,cashews,bun,yoghurt
jam,cumin,yoghurt,eggs
apple,cumin,salt,jam
yoghurt,chips,sugar,gems
orange,oil,coriander,nuts
grapes,grapes,soda,apple
lemonade,salt,buttermilk,onion
maggi,tea,jam,tomato
milk,banana,candy,rice
flour,jam,pear,bread
tomato,grapes,ketchup,chips
coriander,cashews,biscuits,bun
mango,biscuits,ketchup,buttermilk
milk,candy,bun,nuts
milk,pear,cumin,oil
onion,sugar,butter,pulse
eggs,soda,bread,fizzy
butter,soup,onion,milk
bread,bun,cheese,maggi
butter,almonds,cereal,lemonade
turmeric,candy,chocolates,banana
coriander,apple,cereal,coriander
yoghurt,tomato,orange,coriander
cereal,nuts,biscuits,banana
cereal,banana,toffee,bun
coriander,tomato,butter,sausages
tea,almonds,lolly,biscuits
pepper,pulse,fizzy,drink
coriander,pepper,turmeric,cereal
mango,almonds,sausages,jam
ketchup,chips,tomato,orange
bun,orange,coriander,chocolates
maggi,soda,coffee,bun
almonds,apple,eggs,mango
cheese,ketchup,almonds,bread
cashews,chocolates,tang,chocolates
tang,cumin,bun,sausages
salt,oil,banana,ketchup
turmeric,jam,salt,cumin
tea,orange,soda,tomato
oil,soda,nuts,buttermilk
sausages,tomato,tea,grapes
bread,turmeric,onion,turmeric
cardamom,flour,biscuits,fizzy
toffee,chocolates,coffee,mango
bread,buttermilk,coriander,pulse
coriander,gems,coffee,cumin
candy,rice,butter,apple
cardamom,eggs,biscuits,maggi
salt,cumin,milk,nuts
chips,pepper,butter,butter
tomato,turmeric,salt,rice
cheese,pulse,nuts,orange
onion,pulse,oil,banana
apple,orange,biscuits,pear
chocolates,chocolates,cashews,chocolates
salt,cumin,chocolates,bread
orange,cardamom,soda,mango
soup,banana,coriander,eggs
buttermilk,gems,ketchup,cashews
tea,chocolates,cumin,potato
cashews,pulse,rice,banana
onion,orange,lemonade,tang
cheese,onion,sausages,cumin
bread,cheese,coffee,tomato
pulse,coffee,eggs,pear
grapes,chips,bread,cumin
fizzy,drink,bread,rice
orange,cardamom,grapes,lolly
sugar,sugar,sausages,ketchup
eggs,toffee,cardamom,buttermilk
grapes,candy,cashews,bread
orange,cardamom,salt,rice
almonds,tea,butter,rice
pulse,oil,fizzy,drink
pear,cashews,candy,banana
pepper,cumin,cumin,pepper
nuts,cereal,soup,tomato
coriander,potato,bun,butter
tomato,jam,tomato,ketchup
soda,pear,flour,buttermilk
tea,coriander,almonds,chips
sausages,cashews,fizzy,drink
rice,flour,sausages,bread
sausages,jam,nuts,soda
soda,eggs,tomato,sugar
gems,ketchup,gems,lolly
pulse,bun,yoghurt,pepper
cereal,gems,milk,sugar
pulse,flour,maggi,tea
oil,fizzy,drink,soda
eggs,nuts,onion,mango
sausages,oil,butter,apple
pulse,gems,ketchup,biscuits
ketchup,cheese,soda,tea
tang,bun,lemonade,bread
onion,butter,jam,candy
coriander,gems,grapes,orange
orange,pear,potato,pulse
biscuits,sausages,bread,tea
rice,cheese,soup,flour
lolly,cashews,pear,jam
soda,tea,turmeric,cashews
sausages,toffee,maggi,chocolates
maggi,pepper,nuts,gems
bread,orange,cereal,nuts
turmeric,mango,eggs,chocolates
cashews,toffee,tomato,sugar
maggi,grapes,banana,pulse
cheese,cashews,banana,ketchup
turmeric,salt,fizzy,drink
coriander,bun,flour,maggi
buttermilk,tea,cheese,fizzy
soda,oil,sausages,almonds
tang,yoghurt,bun,pulse
cashews,bun,pulse,sausages
lolly,sugar,pepper,cumin
rice,sugar,coffee,chips
cumin,cardamom,maggi,soup
chocolates,orange,tea,tang
chocolates,sausages,bun,fizzy
potato,apple,pepper,oil
orange,banana,lemonade,tomato
almonds,milk,fizzy,drink
lemonade,onion,sausages,cashews
lemonade,sugar,almonds,salt
bread,nuts,nuts,buttermilk
banana,chocolates,biscuits,bun
butter,candy,nuts,cardamom
lemonade,buttermilk,toffee,salt
coriander,soup,rice,potato
banana,mango,cereal,almonds
soda,fizzy,drink,eggs
potato,cashews,orange,candy
soup,soup,potato,fizzy
toffee,cheese,tomato,butter
potato,cheese,apple,grapes
potato,coriander,eggs,maggi
cereal,nuts,salt,ketchup
rice,chocolates,nuts,butter
apple,jam,ketchup,soup
cheese,coffee,pulse,ketchup
bun,gems,banana,eggs
biscuits,buttermilk,apple,candy
turmeric,lemonade,mango,almonds
fizzy,drink,potato,jam
banana,orange,coriander,cashews
toffee,coffee,pepper,chips
onion,candy,butter,onion
rice,biscuits,cheese,oil
salt,grapes,banana,salt
pepper,lemonade,tang,cashews
cumin,bread,orange,cereal
flour,coffee,tea,orange
bread,cardamom,buttermilk,buttermilk
bun,cashews,cereal,banana
cashews,onion,milk,grapes
cereal,pulse,chocolates,bun
cereal,banana,biscuits,chocolates
grapes,cashews,cumin,yoghurt
onion,buttermilk,apple,maggi
maggi,nuts,potato,flour
onion,flour,bread,apple
apple,pear,pulse,butter
sausages,salt,cardamom,fizzy
cardamom,chips,bun,bun
grapes,chocolates,biscuits,biscuits
coriander,ketchup,fizzy,drink
onion,chocolates,turmeric,bread
cereal,fizzy,drink,candy
rice,toffee,lemonade,coffee
milk,cheese,coffee,cashews
soup,chips,biscuits,salt
maggi,tang,butter,jam
almonds,almonds,lemonade,maggi
cereal,chocolates,almonds,turmeric
turmeric,biscuits,biscuits,tang
maggi,bun,cheese,gems
cumin,mango,soup,butter
coffee,cumin,rice,banana
cumin,maggi,grapes,lemonade
jam,onion,bun,yoghurt
cardamom,gems,sausages,orange
banana,banana,mango,tang
cereal,rice,onion,milk
buttermilk,potato,banana,bun
oil,eggs,tomato,coffee
nuts,milk,buttermilk,soup
lolly,soup,oil,fizzy
coffee,pear,pulse,flour
pepper,fizzy,drink,ketchup
soup,mango,lolly,gems
pepper,coffee,soda,rice
ketchup,potato,milk,banana
tang,candy,lemonade,cereal
almonds,chips,apple,flour
soup,ketchup,tea,potato
pulse,buttermilk,candy,bread
soda,pulse,chips,pear
eggs,lemonade,soup,pear
soda,yoghurt,bun,fizzy
grapes,bun,grapes,lolly
pulse,soda,oil,maggi
banana,sausages,soda,mango
tomato,yoghurt,maggi,lolly
soda,soda,chips,nuts
sugar,oil,orange,coriander
cumin,biscuits,sugar,gems
cheese,coriander,candy,lemonade
tea,butter,milk,bun
biscuits,lemonade,cereal,cheese
onion,coriander,maggi,jam
potato,salt,fizzy,drink
chocolates,chips,sausages,onion
salt,eggs,coriander,flour
biscuits,flour,pepper,ketchup
tea,apple,butter,sausages
nuts,turmeric,chips,soup
chips,cumin,coriander,candy
chocolates,banana,butter,nuts
biscuits,cashews,chips,yoghurt
soda,oil,buttermilk,cereal
gems,lemonade,jam,cashews
candy,chocolates,tea,onion
coriander,flour,mango,flour
flour,milk,cereal,onion
gems,grapes,gems,yoghurt
oil,flour,banana,butter
mango,salt,toffee,butter
jam,jam,oil,onion
biscuits,bread,yoghurt,sugar
cumin,cardamom,eggs,pepper
flour,orange,apple,sugar
butter,ketchup,potato,mango
pulse,fizzy,drink,maggi
tang,lemonade,lemonade,yoghurt
pepper,nuts,butter,sugar
tang,yoghurt,oil,oil
toffee,buttermilk,apple,banana
pear,tang,sausages,pear
salt,chips,buttermilk,cumin
cashews,cardamom,turmeric,potato
eggs,mango,turmeric,potato
orange,yoghurt,banana,cardamom
turmeric,almonds,flour,maggi
turmeric,coriander,turmeric,eggs
orange,orange,candy,salt
bun,tang,candy,turmeric
banana,tang,sugar,chips
soda,gems,onion,ketchup
grapes,yoghurt,cardamom,ketchup
sugar,sausages,pulse,pepper
butter,nuts,chips,orange
cashews,soda,pepper,nuts
bread,almonds,almonds,lemonade
yoghurt,eggs,butter,pear
orange,soda,soup,grapes
jam,tang,lolly,pulse
fizzy,drink,nuts,apple
cumin,coffee,tang,ketchup
coffee,rice,biscuits,cashews
bun,sugar,bun,soup
mango,eggs,rice,milk
pulse,toffee,ketchup,buttermilk
grapes,cheese,lolly,eggs
fizzy,drink,butter,cereal
bun,maggi,lolly,almonds
eggs,jam,yoghurt,tang
gems,coffee,sausages,grapes
buttermilk,oil,tang,fizzy
maggi,jam,ketchup,lemonade
bun,salt,pear,tea
fizzy,drink,rice,lemonade
toffee,pulse,orange,nuts
apple,candy,gems,cumin
cardamom,chips,turmeric,cashews
almonds,onion,lemonade,apple
mango,grapes,chips,coriander
fizzy,drink,biscuits,potato
cereal,soda,grapes,pulse
pulse,soda,maggi,buttermilk
soda,biscuits,lolly,maggi
bread,buttermilk,fizzy,drink
toffee,cereal,ketchup,soda
cumin,tang,soup,tea
fizzy,drink,chips,grapes
tomato,sausages,oil,chips
oil,sugar,cereal,cheese
sugar,chocolates,eggs,jam
cumin,onion,soda,bread
chips,salt,pear,apple
coriander,butter,tea,oil
cereal,jam,orange,tea
pepper,yoghurt,lolly,tomato
cheese,tea,mango,maggi
sausages,grapes,apple,ketchup
fizzy,drink,almonds,cardamom
nuts,mango,pepper,nuts
onion,buttermilk,butter,orange
maggi,sugar,chips,maggi
cumin,butter,coffee,almonds
soda,salt,cumin,cereal
eggs,tomato,candy,cheese
ketchup,bread,lolly,tang
cashews,bread,cheese,ketchup
oil,mango,chocolates,soup
cashews,biscuits,biscuits,yoghurt
sugar,toffee,sausages,fizzy
pulse,onion,nuts,salt
gems,pulse,tomato,tang
bread,soda,sugar,banana
tomato,gems,biscuits,tea
apple,eggs,buttermilk,nuts
soda,sugar,coffee,maggi
bread,maggi,pear,salt
lolly,lemonade,cumin,candy
eggs,candy,yoghurt,cheese
cumin,potato,potato,mango
yoghurt,pulse,jam,coriander
pear,oil,butter,coriander
cheese,orange,gems,pear
onion,maggi,chocolates,cereal
orange,pepper,turmeric,ketchup
bun,toffee,jam,biscuits
tomato,candy,candy,apple
maggi,gems,nuts,jam
potato,lolly,buttermilk,cashews
grapes,orange,candy,maggi
tang,orange,bun,bread
toffee,pepper,orange,banana
toffee,cashews,cereal,lemonade
nuts,tomato,gems,pepper
sausages,salt,bread,tomato
grapes,bun,potato,eggs
sausages,pear,coriander,onion
yoghurt,pepper,buttermilk,oil
onion,potato,onion,oil
yoghurt,candy,cheese,ketchup
mango,yoghurt,chips,tang
banana,tomato,coffee,chips
eggs,buttermilk,chocolates,orange
potato,chips,bun,pulse
nuts,buttermilk,coffee,buttermilk
tang,sugar,tea,bread
apple,lolly,butter,soda
biscuits,soda,grapes,pulse
bun,almonds,toffee,milk
cheese,tea,ketchup,lemonade
almonds,sugar,tang,coffee
soda,coriander,butter,candy
flour,gems,toffee,cashews
flour,apple,fizzy,drink
jam,turmeric,tea,bread
bread,mango,jam,milk
ketchup,butter,tang,tomato
lolly,milk,nuts,tang
pepper,fizzy,drink,candy
coffee,fizzy,drink,grapes
bread,tomato,bun,coffee
lemonade,toffee,lemonade,nuts
jam,mango,chocolates,tomato
nuts,pepper,chips,orange
lemonade,grapes,pear,candy
bread,almonds,cumin,chocolates
tang,tomato,banana,coffee
soda,tang,bread,grapes
lolly,chocolates,soda,flour
bread,cashews,flour,buttermilk
milk,fizzy,drink,maggi
gems,candy,salt,soda
potato,milk,onion,pepper
soda,cashews,ketchup,butter
almonds,coriander,lolly,bun
grapes,cardamom,orange,eggs
jam,mango,coriander,butter
potato,pulse,banana,tomato
yoghurt,mango,pepper,almonds
coffee,butter,candy,maggi
toffee,apple,pepper,chocolates
jam,sausages,bun,turmeric
turmeric,sausages,almonds,salt
buttermilk,milk,bun,lemonade
cumin,cumin,cheese,milk
candy,banana,buttermilk,cardamom
salt,cheese,fizzy,drink
chips,nuts,potato,toffee
bread,buttermilk,coriander,toffee
tea,pepper,maggi,tea
lolly,banana,cashews,oil
rice,chocolates,fizzy,drink
almonds,sausages,soup,banana
sugar,banana,cardamom,gems
toffee,oil,cashews,coriander
nuts,butter,potato,ketchup
nuts,mango,cardamom,chocolates
biscuits,tomato,rice,almonds
ketchup,apple,milk,tea
coriander,buttermilk,eggs,lemonade
sausages,mango,coriander,cumin
yoghurt,ketchup,chips,fizzy
soda,oil,nuts,orange
yoghurt,butter,cheese,bun
cumin,sugar,milk,coffee
buttermilk,grapes,cashews,tea
butter,banana,cumin,candy
apple,flour,chocolates,banana
tomato,coriander,sugar,orange
toffee,pulse,maggi,cumin
coriander,turmeric,cumin,gems
sausages,chips,bun,sausages
potato,biscuits,oil,orange
chips,potato,tang,lemonade
cashews,almonds,soda,chocolates
cereal,tea,ketchup,eggs
ketchup,sausages,banana,jam
coriander,coriander,chocolates,yoghurt
sausages,tea,candy,banana
bread,chocolates,coriander,lemonade
mango,cereal,sausages,jam
coffee,cheese,chips,eggs
pepper,ketchup,maggi,turmeric
orange,lemonade,gems,jam
cashews,banana,milk,tea
chocolates,cashews,turmeric,cheese
apple,buttermilk,cheese,pear
maggi,cheese,salt,almonds
biscuits,eggs,turmeric,biscuits
fizzy,drink,sausages,pepper
butter,candy,potato,coriander
cheese,mango,oil,toffee
coffee,bread,cereal,maggi
cereal,coriander,coriander,flour
cashews,cheese,milk,eggs
lolly,cashews,eggs,banana
turmeric,coffee,toffee,cardamom
butter,bun,eggs,lolly
chocolates,lemonade,fizzy,drink
apple,candy,pulse,banana
bread,nuts,fizzy,drink
toffee,butter,toffee,oil
cheese,maggi,lolly,tea
gems,buttermilk,cardamom,pepper
tomato,pulse,cashews,mango
almonds,buttermilk,salt,flour
soda,rice,chocolates,cumin
orange,almonds,cumin,orange
pulse,bun,soup,banana
cashews,tea,sausages,gems
eggs,biscuits,fizzy,drink
tang,eggs,eggs,chocolates
cardamom,jam,onion,cardamom
soup,biscuits,milk,potato
salt,rice,pepper,turmeric
yoghurt,sausages,bread,fizzy
butter,sausages,biscuits,almonds
bun,coffee,cumin,lemonade
lolly,maggi,rice,oil
soda,pulse,fizzy,drink
pulse,yoghurt,toffee,cashews
ketchup,grapes,rice,butter
yoghurt,eggs,sugar,grapes
lolly,flour,eggs,chocolates
coriander,milk,grapes,lolly
cereal,mango,buttermilk,bun
sugar,bun,butter,salt
milk,almonds,salt,coffee
potato,grapes,grapes,butter
coriander,fizzy,drink,apple
tea,bun,flour,maggi
gems,potato,candy,flour
lemonade,soup,candy,pear
butter,potato,chocolates,soup
butter,pulse,gems,cashews
tomato,cashews,lolly,soup
candy,toffee,cardamom,mango
turmeric,chips,apple,apple
flour,pepper,soup,fizzy
lolly,cardamom,orange,butter
cereal,flour,soup,jam
gems,mango,candy,oil
gems,soda,fizzy,drink
fizzy,drink,bread,sausages
yoghurt,yoghurt,jam,eggs
yoghurt,oil,eggs,apple
soda,fizzy,drink,tomato
pulse,toffee,lolly,butter
mango,butter,tang,biscuits
onion,cereal,potato,jam
milk,cashews,gems,gems
lolly,cereal,candy,pear
toffee,orange,eggs,nuts
buttermilk,toffee,salt,rice
lolly,jam,sausages,turmeric
chips,butter,cereal,buttermilk
rice,pulse,maggi,eggs
maggi,butter,pepper,tea
turmeric,flour,cumin,pepper
flour,maggi,almonds,jam
rice,cheese,maggi,gems
flour,salt,soup,maggi
tang,onion,coffee,ketchup
biscuits,tang,pepper,soup
turmeric,pear,banana,jam
soup,tomato,soup,fizzy
rice,grapes,maggi,candy
banana,ketchup,oil,sugar
yoghurt,nuts,flour,tomato
cheese,rice,milk,chocolates
pulse,biscuits,oil,chocolates
tea,tomato,cumin,biscuits
salt,chips,bread,lemonade
chocolates,pulse,oil,flour
salt,bun,eggs,gems
yoghurt,yoghurt,milk,coriander
chocolates,oil,yoghurt,apple
grapes,cumin,pear,lolly
ketchup,salt,chocolates,pulse
grapes,butter,cheese,biscuits
bread,chips,yoghurt,potato
pulse,soup,soda,chips
onion,lemonade,grapes,butter
cereal,salt,pulse,turmeric
apple,banana,pepper,bun
orange,grapes,biscuits,soup
potato,eggs,soup,coriander
coffee,turmeric,oil,lemonade
mango,eggs,soda,pulse
fizzy,drink,tea,orange
cashews,flour,milk,buttermilk
toffee,cumin,gems,coriander
pulse,flour,soda,rice
soup,eggs,nuts,pepper
biscuits,almonds,potato,jam
tea,chocolates,oil,potato
chocolates,pepper,fizzy,drink
lolly,onion,apple,candy
chocolates,tomato,lemonade,ketchup
banana,flour,gems,gems
cereal,ketchup,nuts,rice
bread,fizzy,drink,tang
lemonade,grapes,salt,orange
turmeric,yoghurt,lemonade,potato
oil,orange,milk,chocolates
pepper,candy,yoghurt,apple
bread,pepper,orange,cardamom
cumin,buttermilk,cardamom,almonds
turmeric,soda,banana,chocolates
milk,nuts,sugar,biscuits
sausages,cereal,bun,cumin
lemonade,butter,tea,milk
candy,grapes,onion,cheese
